order_item_id,order_id,product_id,quantity
1,1,10,4
2,1,26,5
3,1,7,2
4,2,5,3
5,2,13,3
6,2,13,5
7,3,26,1
8,3,15,4
9,3,47,4
10,4,18,5
11,4,38,3
12,4,49,4
13,5,23,4
14,5,43,5
15,5,26,4
16,6,33,3
17,6,10,4
18,6,7,1
19,7,17,4
20,7,32,2
21,7,41,2
22,8,2,1
23,8,48,1
24,8,5,4
25,9,44,1
26,9,12,4
27,9,39,3
28,10,10,3
29,10,40,5
30,10,7,1
31,11,43,5
32,11,50,4
33,11,30,2
34,12,19,4
35,12,32,5
36,12,17,5
37,13,22,5
38,13,35,1
39,13,49,1
40,14,28,1
41,14,25,4
42,14,21,4
43,15,29,4
44,15,3,1
45,15,12,5
46,16,43,3
47,16,46,2
48,16,32,4
49,17,9,3
50,17,46,4
51,17,32,1
52,18,37,4
53,18,43,5
54,18,44,5
55,19,37,4
56,19,31,5
57,19,11,5
58,20,4,4
59,20,17,4
60,20,38,4
61,21,40,3
62,21,50,3
63,21,21,1
64,22,2,5
65,22,3,2
66,22,24,3
67,23,48,5
68,23,2,3
69,23,25,1
70,24,28,3
71,24,23,4
72,24,23,1
73,25,43,2
74,25,16,2
75,25,42,3
76,26,38,1
77,26,45,1
78,26,20,1
79,27,22,2
80,27,2,5
81,27,21,1
82,28,30,4
83,28,37,5
84,28,27,3
85,29,2,4
86,29,38,1
87,29,21,4
88,30,37,4
89,30,21,5
90,30,7,4
91,31,7,2
92,31,22,4
93,31,33,3
94,32,11,5
95,32,20,3
96,32,28,2
97,33,32,1
98,33,35,2
99,33,19,3
100,34,4,3
101,34,37,4
102,34,15,5
103,35,48,1
104,35,46,5
105,35,7,5
106,36,22,3
107,36,5,5
108,36,34,4
109,37,28,2
110,37,23,1
111,37,42,3
112,38,33,3
113,38,28,5
114,38,21,2
115,39,27,4
116,39,17,5
117,39,33,4
118,40,43,5
119,40,12,1
120,40,41,5
121,41,12,5
122,41,32,2
123,41,43,4
124,42,18,5
125,42,40,4
126,42,37,1
127,43,34,2
128,43,24,4
129,43,10,2
130,44,10,3
131,44,28,4
132,44,21,1
133,45,41,2
134,45,27,3
135,45,19,2
136,46,17,5
137,46,16,4
138,46,16,1
139,47,10,2
140,47,2,2
141,47,20,4
142,48,32,5
143,48,28,4
144,48,42,1
145,49,13,2
146,49,18,2
147,49,2,3
148,50,18,5
149,50,12,1
150,50,47,4
151,51,2,1
152,51,6,3
153,51,39,3
154,52,5,4
155,52,24,1
156,52,26,2
157,53,16,1
158,53,37,5
159,53,8,5
160,54,43,5
161,54,50,5
162,54,17,4
163,55,6,2
164,55,39,1
165,55,50,3
166,56,22,5
167,56,48,4
168,56,48,2
169,57,28,2
170,57,10,1
171,57,12,2
172,58,18,4
173,58,27,3
174,58,38,1
175,59,32,5
176,59,24,1
177,59,21,5
178,60,28,4
179,60,44,2
180,60,18,2
181,61,24,4
182,61,46,3
183,61,20,1
184,62,42,5
185,62,3,1
186,62,45,2
187,63,17,5
188,63,25,3
189,63,41,3
190,64,44,1
191,64,35,2
192,64,29,4
193,65,1,4
194,65,17,3
195,65,6,2
196,66,20,2
197,66,11,4
198,66,41,3
199,67,50,4
200,67,3,3
201,67,6,4
202,68,31,4
203,68,22,4
204,68,7,2
205,69,45,3
206,69,33,1
207,69,23,4
208,70,39,5
209,70,48,3
210,70,30,1
211,71,49,1
212,71,42,2
213,71,41,4
214,72,42,2
215,72,1,4
216,72,13,3
217,73,21,5
218,73,6,1
219,73,11,2
220,74,34,2
221,74,39,4
222,74,21,4
223,75,31,2
224,75,17,2
225,75,44,5
226,76,21,3
227,76,13,1
228,76,27,3
229,77,12,4
230,77,25,5
231,77,15,1
232,78,2,5
233,78,42,5
234,78,41,2
235,79,6,4
236,79,13,3
237,79,45,2
238,80,4,4
239,80,40,4
240,80,39,3
241,81,10,1
242,81,24,2
243,81,37,1
244,82,1,5
245,82,28,4
246,82,44,4
247,83,8,2
248,83,46,2
249,83,13,3
250,84,19,4
251,84,25,2
252,84,28,2
253,85,39,2
254,85,19,2
255,85,27,2
256,86,27,2
257,86,2,3
258,86,17,2
259,87,40,4
260,87,16,3
261,87,38,4
262,88,6,1
263,88,31,2
264,88,21,4
265,89,44,2
266,89,46,4
267,89,46,4
268,90,48,5
269,90,17,1
270,90,7,5
271,91,4,1
272,91,22,2
273,91,31,3
274,92,39,5
275,92,46,1
276,92,1,3
277,93,33,5
278,93,25,3
279,93,26,3
280,94,9,5
281,94,3,5
282,94,12,3
283,95,11,5
284,95,32,3
285,95,30,2
286,96,6,3
287,96,46,5
288,96,28,2
289,97,17,1
290,97,21,1
291,97,9,4
292,98,18,3
293,98,28,3
294,98,17,5
295,99,49,3
296,99,34,3
297,99,28,2
298,100,21,4
299,100,49,2
300,100,36,4
301,101,4,2
302,101,10,1
303,101,15,2
304,102,3,4
305,102,17,2
306,102,46,4
307,103,28,1
308,103,32,1
309,103,29,3
310,104,46,5
311,104,32,4
312,104,32,1
313,105,47,2
314,105,8,3
315,105,6,2
316,106,19,2
317,106,11,5
318,106,18,5
319,107,43,5
320,107,14,5
321,107,1,5
322,108,50,5
323,108,12,4
324,108,5,2
325,109,50,4
326,109,44,1
327,109,22,1
328,110,19,1
329,110,26,3
330,110,38,1
331,111,21,2
332,111,2,1
333,111,30,4
334,112,30,3
335,112,39,1
336,112,22,1
337,113,42,5
338,113,29,3
339,113,47,5
340,114,9,2
341,114,4,3
342,114,21,1
343,115,48,1
344,115,36,5
345,115,25,1
346,116,26,3
347,116,12,2
348,116,50,4
349,117,6,1
350,117,14,2
351,117,25,4
352,118,19,2
353,118,8,3
354,118,32,4
355,119,48,3
356,119,44,5
357,119,9,3
358,120,43,1
359,120,24,5
360,120,13,4
361,121,29,4
362,121,31,3
363,121,37,5
364,122,28,1
365,122,49,4
366,122,24,5
367,123,12,4
368,123,41,4
369,123,6,1
370,124,33,3
371,124,30,2
372,124,42,2
373,125,32,5
374,125,41,5
375,125,6,3
376,126,30,4
377,126,6,4
378,126,20,2
379,127,9,3
380,127,16,5
381,127,28,3
382,128,37,1
383,128,36,1
384,128,3,5
385,129,7,5
386,129,28,4
387,129,7,4
388,130,43,5
389,130,17,3
390,130,17,5
391,131,6,5
392,131,2,1
393,131,48,4
394,132,12,2
395,132,26,1
396,132,6,4
397,133,46,3
398,133,21,5
399,133,47,4
400,134,49,4
401,134,40,3
402,134,22,2
403,135,14,2
404,135,6,5
405,135,17,1
406,136,28,5
407,136,2,1
408,136,26,1
409,137,1,2
410,137,42,4
411,137,30,4
412,138,43,5
413,138,47,4
414,138,20,5
415,139,40,3
416,139,45,4
417,139,20,1
418,140,9,2
419,140,1,2
420,140,8,1
421,141,45,2
422,141,2,2
423,141,31,2
424,142,42,2
425,142,28,5
426,142,13,1
427,143,20,4
428,143,10,4
429,143,28,1
430,144,8,2
431,144,10,4
432,144,32,4
433,145,2,4
434,145,38,2
435,145,13,3
436,146,37,4
437,146,4,3
438,146,1,1
439,147,41,4
440,147,27,4
441,147,48,5
442,148,39,5
443,148,19,1
444,148,32,4
445,149,32,5
446,149,38,5
447,149,44,4
448,150,15,1
449,150,34,1
450,150,28,5
451,151,21,5
452,151,5,3
453,151,42,4
454,152,31,1
455,152,32,5
456,152,42,3
457,153,29,4
458,153,2,2
459,153,19,2
460,154,31,3
461,154,29,2
462,154,33,2
463,155,38,3
464,155,39,4
465,155,9,3
466,156,47,4
467,156,27,3
468,156,31,2
469,157,40,2
470,157,19,1
471,157,43,4
472,158,9,2
473,158,13,2
474,158,39,4
475,159,7,4
476,159,32,3
477,159,16,2
478,160,36,1
479,160,2,3
480,160,17,3
481,161,44,2
482,161,12,5
483,161,3,1
484,162,22,4
485,162,8,5
486,162,15,1
487,163,36,2
488,163,32,3
489,163,22,3
490,164,50,1
491,164,50,5
492,164,18,2
493,165,45,5
494,165,39,1
495,165,46,1
496,166,29,4
497,166,49,1
498,166,7,5
499,167,40,1
500,167,36,1
501,167,33,1
502,168,11,1
503,168,14,3
504,168,11,3
505,169,46,4
506,169,49,5
507,169,32,1
508,170,10,3
509,170,22,2
510,170,8,2
511,171,29,4
512,171,50,1
513,171,16,4
514,172,22,3
515,172,33,2
516,172,6,3
517,173,24,4
518,173,24,2
519,173,10,5
520,174,27,2
521,174,9,4
522,174,27,4
523,175,30,5
524,175,44,3
525,175,2,4
526,176,10,1
527,176,46,5
528,176,5,1
529,177,22,3
530,177,26,2
531,177,28,1
532,178,26,1
533,178,43,2
534,178,37,1
535,179,41,5
536,179,19,4
537,179,26,5
538,180,20,3
539,180,23,1
540,180,18,5
541,181,40,2
542,181,45,4
543,181,29,2
544,182,35,5
545,182,40,4
546,182,45,3
547,183,42,4
548,183,50,2
549,183,20,1
550,184,3,5
551,184,22,4
552,184,47,2
553,185,34,5
554,185,19,2
555,185,6,5
556,186,36,3
557,186,34,3
558,186,49,2
559,187,2,1
560,187,35,5
561,187,17,2
562,188,50,3
563,188,47,4
564,188,33,1
565,189,47,1
566,189,24,3
567,189,41,5
568,190,23,1
569,190,4,1
570,190,29,3
571,191,37,1
572,191,30,3
573,191,16,5
574,192,37,5
575,192,39,2
576,192,23,3
577,193,19,5
578,193,44,2
579,193,46,4
580,194,34,2
581,194,7,3
582,194,34,5
583,195,13,3
584,195,30,1
585,195,10,4
586,196,27,1
587,196,6,1
588,196,28,2
589,197,31,2
590,197,29,1
591,197,24,5
592,198,26,5
593,198,36,5
594,198,50,4
595,199,17,5
596,199,32,4
597,199,29,4
598,200,47,4
599,200,11,2
600,200,33,2
601,201,32,4
602,201,9,5
603,201,34,1
604,202,45,2
605,202,30,4
606,202,3,2
607,203,36,3
608,203,8,5
609,203,27,1
610,204,8,3
611,204,37,3
612,204,3,5
613,205,10,1
614,205,24,3
615,205,24,3
616,206,19,4
617,206,2,2
618,206,10,5
619,207,27,1
620,207,20,3
621,207,14,2
622,208,48,4
623,208,1,1
624,208,36,3
625,209,5,1
626,209,27,4
627,209,37,3
628,210,37,4
629,210,22,4
630,210,31,5
631,211,9,2
632,211,33,4
633,211,49,4
634,212,43,4
635,212,10,3
636,212,6,5
637,213,43,5
638,213,27,4
639,213,15,4
640,214,22,5
641,214,3,4
642,214,48,3
643,215,42,1
644,215,11,1
645,215,37,3
646,216,36,1
647,216,42,5
648,216,6,2
649,217,40,5
650,217,37,1
651,217,37,5
652,218,13,4
653,218,33,1
654,218,8,5
655,219,12,1
656,219,18,2
657,219,16,5
658,220,29,1
659,220,35,5
660,220,21,4
661,221,38,1
662,221,32,1
663,221,22,4
664,222,12,4
665,222,2,5
666,222,21,4
667,223,17,1
668,223,8,1
669,223,35,2
670,224,19,2
671,224,12,3
672,224,50,1
673,225,10,3
674,225,27,2
675,225,4,5
676,226,21,2
677,226,2,1
678,226,20,4
679,227,7,3
680,227,10,4
681,227,21,3
682,228,25,1
683,228,4,2
684,228,16,5
685,229,38,2
686,229,32,5
687,229,49,5
688,230,25,1
689,230,18,1
690,230,21,4
691,231,36,4
692,231,5,4
693,231,2,4
694,232,41,2
695,232,2,3
696,232,36,5
697,233,44,1
698,233,16,5
699,233,42,2
700,234,20,5
701,234,27,4
702,234,6,5
703,235,14,2
704,235,24,5
705,235,11,2
706,236,35,4
707,236,36,4
708,236,3,1
709,237,30,5
710,237,19,2
711,237,1,1
712,238,31,3
713,238,39,3
714,238,44,4
715,239,23,2
716,239,38,5
717,239,19,1
718,240,11,5
719,240,37,1
720,240,20,1
721,241,26,1
722,241,9,5
723,241,18,4
724,242,14,5
725,242,33,3
726,242,44,3
727,243,41,3
728,243,49,4
729,243,18,2
730,244,43,3
731,244,22,2
732,244,30,5
733,245,22,1
734,245,45,2
735,245,42,1
736,246,39,4
737,246,1,1
738,246,44,2
739,247,27,5
740,247,45,4
741,247,49,4
742,248,35,1
743,248,42,1
744,248,35,1
745,249,43,4
746,249,44,1
747,249,23,4
748,250,39,3
749,250,25,2
750,250,50,1
751,251,8,4
752,251,24,2
753,251,29,1
754,252,15,1
755,252,49,3
756,252,44,3
757,253,13,1
758,253,40,3
759,253,46,2
760,254,15,4
761,254,24,1
762,254,18,4
763,255,46,5
764,255,14,1
765,255,13,4
766,256,8,3
767,256,37,5
768,256,32,2
769,257,36,2
770,257,43,5
771,257,44,5
772,258,37,2
773,258,5,5
774,258,9,1
775,259,9,3
776,259,37,2
777,259,34,3
778,260,13,1
779,260,45,5
780,260,40,3
781,261,44,5
782,261,30,1
783,261,28,1
784,262,21,4
785,262,27,3
786,262,8,5
787,263,30,4
788,263,24,5
789,263,49,1
790,264,47,2
791,264,4,3
792,264,27,5
793,265,29,3
794,265,1,4
795,265,13,3
796,266,6,5
797,266,2,2
798,266,45,4
799,267,5,2
800,267,13,2
801,267,22,3
802,268,5,1
803,268,2,4
804,268,28,1
805,269,38,3
806,269,17,2
807,269,7,4
808,270,16,3
809,270,4,3
810,270,34,2
811,271,5,5
812,271,40,4
813,271,49,1
814,272,41,4
815,272,38,1
816,272,6,1
817,273,3,4
818,273,21,1
819,273,9,1
820,274,29,1
821,274,20,5
822,274,41,4
823,275,5,1
824,275,44,1
825,275,36,1
826,276,19,4
827,276,26,1
828,276,40,4
829,277,15,5
830,277,43,5
831,277,1,4
832,278,25,4
833,278,28,5
834,278,40,1
835,279,22,1
836,279,30,5
837,279,22,5
838,280,13,1
839,280,7,1
840,280,39,1
841,281,38,2
842,281,37,2
843,281,41,5
844,282,17,3
845,282,27,4
846,282,47,5
847,283,29,2
848,283,16,2
849,283,3,1
850,284,9,3
851,284,38,4
852,284,33,3
853,285,20,5
854,285,35,2
855,285,10,4
856,286,20,5
857,286,22,3
858,286,24,1
859,287,34,5
860,287,43,2
861,287,4,2
862,288,33,5
863,288,4,4
864,288,23,2
865,289,13,2
866,289,5,3
867,289,13,4
868,290,45,4
869,290,39,3
870,290,38,5
871,291,22,5
872,291,20,4
873,291,22,2
874,292,7,4
875,292,3,4
876,292,15,1
877,293,41,2
878,293,45,2
879,293,30,5
880,294,14,2
881,294,31,3
882,294,48,4
883,295,14,4
884,295,12,1
885,295,24,1
886,296,5,3
887,296,2,5
888,296,8,2
889,297,19,4
890,297,13,5
891,297,49,3
892,298,3,1
893,298,13,2
894,298,19,2
895,299,15,3
896,299,47,2
897,299,22,5
898,300,16,2
899,300,13,1
900,300,12,3
901,301,7,1
902,301,44,2
903,301,25,1
904,302,22,2
905,302,20,4
906,302,16,3
907,303,24,2
908,303,34,5
909,303,28,1
910,304,8,2
911,304,9,2
912,304,13,5
913,305,25,3
914,305,21,5
915,305,28,2
916,306,3,5
917,306,38,2
918,306,35,3
919,307,10,3
920,307,16,1
921,307,41,3
922,308,9,5
923,308,38,4
924,308,14,1
925,309,31,5
926,309,5,2
927,309,33,4
928,310,49,5
929,310,24,4
930,310,34,4
931,311,12,3
932,311,46,3
933,311,34,4
934,312,46,4
935,312,31,3
936,312,38,4
937,313,41,5
938,313,42,1
939,313,14,2
940,314,13,4
941,314,16,4
942,314,14,3
943,315,28,4
944,315,37,2
945,315,24,3
946,316,36,1
947,316,9,1
948,316,19,4
949,317,34,3
950,317,15,5
951,317,3,4
952,318,33,5
953,318,22,4
954,318,29,4
955,319,28,4
956,319,24,4
957,319,21,3
958,320,25,1
959,320,12,4
960,320,15,3
961,321,42,1
962,321,23,1
963,321,19,5
964,322,33,5
965,322,42,1
966,322,18,2
967,323,7,1
968,323,5,3
969,323,3,5
970,324,13,3
971,324,13,3
972,324,17,3
973,325,48,3
974,325,13,5
975,325,9,5
976,326,17,1
977,326,50,3
978,326,19,3
979,327,26,4
980,327,38,1
981,327,31,5
982,328,49,2
983,328,26,2
984,328,15,2
985,329,31,2
986,329,34,5
987,329,36,4
988,330,47,4
989,330,22,1
990,330,21,2
991,331,28,4
992,331,14,4
993,331,29,5
994,332,2,3
995,332,9,5
996,332,9,3
997,333,48,1
998,333,32,3
999,333,22,2
1000,334,27,4
1001,334,44,4
1002,334,49,5
1003,335,20,3
1004,335,38,1
1005,335,37,1
1006,336,9,2
1007,336,22,5
1008,336,41,5
1009,337,39,5
1010,337,26,4
1011,337,14,4
1012,338,5,5
1013,338,25,2
1014,338,31,1
1015,339,22,5
1016,339,29,3
1017,339,6,2
1018,340,7,5
1019,340,12,1
1020,340,45,5
1021,341,32,1
1022,341,12,2
1023,341,5,4
1024,342,19,2
1025,342,15,3
1026,342,43,5
1027,343,5,4
1028,343,4,3
1029,343,34,1
1030,344,11,3
1031,344,27,4
1032,344,11,1
1033,345,9,5
1034,345,27,4
1035,345,48,1
1036,346,25,2
1037,346,9,2
1038,346,20,4
1039,347,46,4
1040,347,11,5
1041,347,37,3
1042,348,38,2
1043,348,33,4
1044,348,18,2
1045,349,1,2
1046,349,29,1
1047,349,26,5
1048,350,16,5
1049,350,22,5
1050,350,32,4
1051,351,30,5
1052,351,3,1
1053,351,19,4
1054,352,23,3
1055,352,26,5
1056,352,12,4
1057,353,16,2
1058,353,40,4
1059,353,30,4
1060,354,43,2
1061,354,45,5
1062,354,7,4
1063,355,45,1
1064,355,16,2
1065,355,18,5
1066,356,19,1
1067,356,45,2
1068,356,32,4
1069,357,49,5
1070,357,8,3
1071,357,5,1
1072,358,33,3
1073,358,27,4
1074,358,11,3
1075,359,14,5
1076,359,3,4
1077,359,2,1
1078,360,41,4
1079,360,25,3
1080,360,48,4
1081,361,13,4
1082,361,3,1
1083,361,17,1
1084,362,46,2
1085,362,21,4
1086,362,32,4
1087,363,5,1
1088,363,36,2
1089,363,46,4
1090,364,9,4
1091,364,18,2
1092,364,11,1
1093,365,39,1
1094,365,12,3
1095,365,8,5
1096,366,48,4
1097,366,11,1
1098,366,43,1
1099,367,44,3
1100,367,10,4
1101,367,23,2
1102,368,14,1
1103,368,44,5
1104,368,14,4
1105,369,45,1
1106,369,41,5
1107,369,42,1
1108,370,25,3
1109,370,29,1
1110,370,39,1
1111,371,4,4
1112,371,50,2
1113,371,16,3
1114,372,16,2
1115,372,6,1
1116,372,27,1
1117,373,1,3
1118,373,13,1
1119,373,15,1
1120,374,43,2
1121,374,47,2
1122,374,3,4
1123,375,33,1
1124,375,21,3
1125,375,36,2
1126,376,40,2
1127,376,35,4
1128,376,28,1
1129,377,15,2
1130,377,7,3
1131,377,21,2
1132,378,1,4
1133,378,42,3
1134,378,1,4
1135,379,14,4
1136,379,15,1
1137,379,43,3
1138,380,42,5
1139,380,24,1
1140,380,5,2
1141,381,27,3
1142,381,50,5
1143,381,32,1
1144,382,46,5
1145,382,37,2
1146,382,17,1
1147,383,39,3
1148,383,41,4
1149,383,44,2
1150,384,22,2
1151,384,41,3
1152,384,43,4
1153,385,5,3
1154,385,2,5
1155,385,38,4
1156,386,25,5
1157,386,41,2
1158,386,33,5
1159,387,46,1
1160,387,15,1
1161,387,40,1
1162,388,20,2
1163,388,48,4
1164,388,49,2
1165,389,40,1
1166,389,4,2
1167,389,24,4
1168,390,19,2
1169,390,10,4
1170,390,14,1
1171,391,16,5
1172,391,29,3
1173,391,9,3
1174,392,21,1
1175,392,34,4
1176,392,42,3
1177,393,49,1
1178,393,15,3
1179,393,22,2
1180,394,14,5
1181,394,4,2
1182,394,44,2
1183,395,39,4
1184,395,34,3
1185,395,12,4
1186,396,41,1
1187,396,5,4
1188,396,5,2
1189,397,4,2
1190,397,14,2
1191,397,6,2
1192,398,38,5
1193,398,14,2
1194,398,33,1
1195,399,28,4
1196,399,20,2
1197,399,47,2
1198,400,16,4
1199,400,12,5
1200,400,16,3
1201,401,19,5
1202,401,29,2
1203,401,18,4
1204,402,6,3
1205,402,26,4
1206,402,11,4
1207,403,29,4
1208,403,33,5
1209,403,48,4
1210,404,49,2
1211,404,31,1
1212,404,49,4
1213,405,28,1
1214,405,49,3
1215,405,39,5
1216,406,10,5
1217,406,47,2
1218,406,17,4
1219,407,30,3
1220,407,30,3
1221,407,25,5
1222,408,39,4
1223,408,5,3
1224,408,9,4
1225,409,13,2
1226,409,13,1
1227,409,1,5
1228,410,47,3
1229,410,32,4
1230,410,27,4
1231,411,48,3
1232,411,25,4
1233,411,20,5
1234,412,5,4
1235,412,3,1
1236,412,25,5
1237,413,11,2
1238,413,49,4
1239,413,17,3
1240,414,33,4
1241,414,41,3
1242,414,45,1
1243,415,42,4
1244,415,28,2
1245,415,16,4
1246,416,3,3
1247,416,41,1
1248,416,45,2
1249,417,17,5
1250,417,30,2
1251,417,17,2
1252,418,39,5
1253,418,43,2
1254,418,1,1
1255,419,50,1
1256,419,42,4
1257,419,26,5
1258,420,6,5
1259,420,13,4
1260,420,11,4
1261,421,17,3
1262,421,33,5
1263,421,43,4
1264,422,38,3
1265,422,47,4
1266,422,49,1
1267,423,7,5
1268,423,50,3
1269,423,10,3
1270,424,48,2
1271,424,48,4
1272,424,45,3
1273,425,1,2
1274,425,32,1
1275,425,7,1
1276,426,50,4
1277,426,34,4
1278,426,42,3
1279,427,47,4
1280,427,11,2
1281,427,24,2
1282,428,46,2
1283,428,13,4
1284,428,12,5
1285,429,8,4
1286,429,37,2
1287,429,12,2
1288,430,4,2
1289,430,49,2
1290,430,17,4
1291,431,29,5
1292,431,7,2
1293,431,6,3
1294,432,6,4
1295,432,8,3
1296,432,5,3
1297,433,2,5
1298,433,16,4
1299,433,32,1
1300,434,1,1
1301,434,18,1
1302,434,43,5
1303,435,3,1
1304,435,14,5
1305,435,1,4
1306,436,39,5
1307,436,49,3
1308,436,32,4
1309,437,49,3
1310,437,39,4
1311,437,22,3
1312,438,44,3
1313,438,21,2
1314,438,24,4
1315,439,25,5
1316,439,4,3
1317,439,22,1
1318,440,1,4
1319,440,45,4
1320,440,47,2
1321,441,2,5
1322,441,8,5
1323,441,18,2
1324,442,24,4
1325,442,40,4
1326,442,33,4
1327,443,43,2
1328,443,1,3
1329,443,2,3
1330,444,3,3
1331,444,44,4
1332,444,15,5
1333,445,32,4
1334,445,48,5
1335,445,6,3
1336,446,28,4
1337,446,43,1
1338,446,47,4
1339,447,19,5
1340,447,13,2
1341,447,34,5
1342,448,46,5
1343,448,3,2
1344,448,32,1
1345,449,20,5
1346,449,30,2
1347,449,29,1
1348,450,31,5
1349,450,16,2
1350,450,14,2
1351,451,49,1
1352,451,7,4
1353,451,46,1
1354,452,11,3
1355,452,25,3
1356,452,15,3
1357,453,43,4
1358,453,43,1
1359,453,43,2
1360,454,35,4
1361,454,6,3
1362,454,15,5
1363,455,50,5
1364,455,5,3
1365,455,25,4
1366,456,42,5
1367,456,28,2
1368,456,15,3
1369,457,8,3
1370,457,6,1
1371,457,6,3
1372,458,48,5
1373,458,13,1
1374,458,37,3
1375,459,9,3
1376,459,25,5
1377,459,48,1
1378,460,20,1
1379,460,38,5
1380,460,13,4
1381,461,28,3
1382,461,50,3
1383,461,44,2
1384,462,34,5
1385,462,38,2
1386,462,7,4
1387,463,1,5
1388,463,30,3
1389,463,10,3
1390,464,15,4
1391,464,44,4
1392,464,10,5
1393,465,19,2
1394,465,48,1
1395,465,39,3
1396,466,20,5
1397,466,45,1
1398,466,18,5
1399,467,31,2
1400,467,32,3
1401,467,46,4
1402,468,4,3
1403,468,10,2
1404,468,47,2
1405,469,45,1
1406,469,50,2
1407,469,32,4
1408,470,20,2
1409,470,2,5
1410,470,26,3
1411,471,28,4
1412,471,23,4
1413,471,26,1
1414,472,34,3
1415,472,19,2
1416,472,45,5
1417,473,26,1
1418,473,9,3
1419,473,49,5
1420,474,4,3
1421,474,30,2
1422,474,37,2
1423,475,29,4
1424,475,19,2
1425,475,14,2
1426,476,48,2
1427,476,48,1
1428,476,24,5
1429,477,7,2
1430,477,25,4
1431,477,44,2
1432,478,4,1
1433,478,23,4
1434,478,12,1
1435,479,8,5
1436,479,42,3
1437,479,38,4
1438,480,10,4
1439,480,16,1
1440,480,8,2
1441,481,26,4
1442,481,20,5
1443,481,12,4
1444,482,50,1
1445,482,50,4
1446,482,42,4
1447,483,18,4
1448,483,24,1
1449,483,8,1
1450,484,6,1
1451,484,32,5
1452,484,15,1
1453,485,38,5
1454,485,37,4
1455,485,18,1
1456,486,38,2
1457,486,25,4
1458,486,42,4
1459,487,20,5
1460,487,9,1
1461,487,21,1
1462,488,46,5
1463,488,12,4
1464,488,45,1
1465,489,26,5
1466,489,35,5
1467,489,32,1
1468,490,34,5
1469,490,35,1
1470,490,49,2
1471,491,43,1
1472,491,12,5
1473,491,45,2
1474,492,1,5
1475,492,29,3
1476,492,8,1
1477,493,9,5
1478,493,14,2
1479,493,6,5
1480,494,17,1
1481,494,6,1
1482,494,33,3
1483,495,24,5
1484,495,11,4
1485,495,43,1
1486,496,16,3
1487,496,3,5
1488,496,19,5
1489,497,29,2
1490,497,37,4
1491,497,45,3
1492,498,34,3
1493,498,39,5
1494,498,33,2
1495,499,45,1
1496,499,43,1
1497,499,16,1
1498,500,13,2
1499,500,20,2
1500,500,9,5
1501,501,36,2
1502,501,38,3
1503,501,18,2
1504,502,47,5
1505,502,28,1
1506,502,36,3
1507,503,17,4
1508,503,42,2
1509,503,26,4
1510,504,6,3
1511,504,44,4
1512,504,45,2
1513,505,35,2
1514,505,5,3
1515,505,41,2
1516,506,46,3
1517,506,37,5
1518,506,39,2
1519,507,27,2
1520,507,21,4
1521,507,25,1
1522,508,39,2
1523,508,5,3
1524,508,8,5
1525,509,8,5
1526,509,27,1
1527,509,22,1
1528,510,24,3
1529,510,50,3
1530,510,10,2
1531,511,18,1
1532,511,7,4
1533,511,15,4
1534,512,7,1
1535,512,12,5
1536,512,47,3
1537,513,38,4
1538,513,7,5
1539,513,23,5
1540,514,19,5
1541,514,18,5
1542,514,7,1
1543,515,11,3
1544,515,49,4
1545,515,12,3
1546,516,48,5
1547,516,36,5
1548,516,26,4
1549,517,38,2
1550,517,17,1
1551,517,44,5
1552,518,46,2
1553,518,43,2
1554,518,10,4
1555,519,37,3
1556,519,4,3
1557,519,46,2
1558,520,44,5
1559,520,27,4
1560,520,12,4
1561,521,23,4
1562,521,33,3
1563,521,18,4
1564,522,34,2
1565,522,20,1
1566,522,20,4
1567,523,50,3
1568,523,6,1
1569,523,5,2
1570,524,6,2
1571,524,37,1
1572,524,6,3
1573,525,36,4
1574,525,1,4
1575,525,44,5
1576,526,47,2
1577,526,31,4
1578,526,33,5
1579,527,45,1
1580,527,26,1
1581,527,40,2
1582,528,48,1
1583,528,46,4
1584,528,45,5
1585,529,48,3
1586,529,16,5
1587,529,44,5
1588,530,3,5
1589,530,29,2
1590,530,44,5
1591,531,15,2
1592,531,5,3
1593,531,9,5
1594,532,23,1
1595,532,28,4
1596,532,25,2
1597,533,24,1
1598,533,22,2
1599,533,35,1
1600,534,19,3
1601,534,31,3
1602,534,17,2
1603,535,1,5
1604,535,26,2
1605,535,20,5
1606,536,3,4
1607,536,40,4
1608,536,4,3
1609,537,1,5
1610,537,30,3
1611,537,20,3
1612,538,7,1
1613,538,23,2
1614,538,26,3
1615,539,1,1
1616,539,28,4
1617,539,13,1
1618,540,34,5
1619,540,10,4
1620,540,8,4
1621,541,1,2
1622,541,50,3
1623,541,15,4
1624,542,26,3
1625,542,20,3
1626,542,28,2
1627,543,35,3
1628,543,7,4
1629,543,43,4
1630,544,11,2
1631,544,23,4
1632,544,1,3
1633,545,46,2
1634,545,8,2
1635,545,19,1
1636,546,9,4
1637,546,27,3
1638,546,3,2
1639,547,43,2
1640,547,31,3
1641,547,8,4
1642,548,32,5
1643,548,32,2
1644,548,21,4
1645,549,33,4
1646,549,9,1
1647,549,7,1
1648,550,9,2
1649,550,23,5
1650,550,1,2
1651,551,4,3
1652,551,28,5
1653,551,48,1
1654,552,28,4
1655,552,19,3
1656,552,32,1
1657,553,49,4
1658,553,16,5
1659,553,10,5
1660,554,12,2
1661,554,18,1
1662,554,17,2
1663,555,43,4
1664,555,13,4
1665,555,46,1
1666,556,45,5
1667,556,40,2
1668,556,13,5
1669,557,41,2
1670,557,15,1
1671,557,9,4
1672,558,3,3
1673,558,13,2
1674,558,28,1
1675,559,40,2
1676,559,6,1
1677,559,25,4
1678,560,34,3
1679,560,45,2
1680,560,15,3
1681,561,28,4
1682,561,4,5
1683,561,28,1
1684,562,20,1
1685,562,18,3
1686,562,18,3
1687,563,46,4
1688,563,16,3
1689,563,4,2
1690,564,3,1
1691,564,4,3
1692,564,14,3
1693,565,31,3
1694,565,39,1
1695,565,28,2
1696,566,17,4
1697,566,24,3
1698,566,20,1
1699,567,7,1
1700,567,44,5
1701,567,50,2
1702,568,22,3
1703,568,48,3
1704,568,48,5
1705,569,34,5
1706,569,24,2
1707,569,42,3
1708,570,14,5
1709,570,25,1
1710,570,7,2
1711,571,41,5
1712,571,8,1
1713,571,38,2
1714,572,13,4
1715,572,7,1
1716,572,35,5
1717,573,22,3
1718,573,47,4
1719,573,49,2
1720,574,35,2
1721,574,3,2
1722,574,13,4
1723,575,36,3
1724,575,49,5
1725,575,23,3
1726,576,29,1
1727,576,28,1
1728,576,31,4
1729,577,34,5
1730,577,2,2
1731,577,39,3
1732,578,45,2
1733,578,19,1
1734,578,37,1
1735,579,45,2
1736,579,48,4
1737,579,32,5
1738,580,33,1
1739,580,11,4
1740,580,49,5
1741,581,25,5
1742,581,50,4
1743,581,26,5
1744,582,18,2
1745,582,12,1
1746,582,11,5
1747,583,14,5
1748,583,45,1
1749,583,33,4
1750,584,33,5
1751,584,17,3
1752,584,15,3
1753,585,46,3
1754,585,36,1
1755,585,11,2
1756,586,3,5
1757,586,16,3
1758,586,3,2
1759,587,18,2
1760,587,18,1
1761,587,42,2
1762,588,14,5
1763,588,8,1
1764,588,42,3
1765,589,41,5
1766,589,24,3
1767,589,6,5
1768,590,17,2
1769,590,27,5
1770,590,19,3
1771,591,4,1
1772,591,23,2
1773,591,47,3
1774,592,12,3
1775,592,2,5
1776,592,43,5
1777,593,7,4
1778,593,42,3
1779,593,41,5
1780,594,36,2
1781,594,29,2
1782,594,21,3
1783,595,14,5
1784,595,41,4
1785,595,10,4
1786,596,15,4
1787,596,24,2
1788,596,31,1
1789,597,32,2
1790,597,30,2
1791,597,12,2
1792,598,37,4
1793,598,47,2
1794,598,42,3
1795,599,2,3
1796,599,11,2
1797,599,26,5
1798,600,13,1
1799,600,10,1
1800,600,28,2
1801,601,30,4
1802,601,7,5
1803,601,9,1
1804,602,39,1
1805,602,25,4
1806,602,2,1
1807,603,1,1
1808,603,9,2
1809,603,50,1
1810,604,18,2
1811,604,41,5
1812,604,1,1
1813,605,7,5
1814,605,48,3
1815,605,46,1
1816,606,13,2
1817,606,31,5
1818,606,29,2
1819,607,20,3
1820,607,31,2
1821,607,16,1
1822,608,35,3
1823,608,41,5
1824,608,8,1
1825,609,3,1
1826,609,35,3
1827,609,7,5
1828,610,27,2
1829,610,1,2
1830,610,2,2
1831,611,28,4
1832,611,10,3
1833,611,42,3
1834,612,15,4
1835,612,44,1
1836,612,32,2
1837,613,8,2
1838,613,7,3
1839,613,23,1
1840,614,40,3
1841,614,8,3
1842,614,6,1
1843,615,39,2
1844,615,12,4
1845,615,34,3
1846,616,39,2
1847,616,44,4
1848,616,10,3
1849,617,40,3
1850,617,23,1
1851,617,18,4
1852,618,43,3
1853,618,17,1
1854,618,1,2
1855,619,50,2
1856,619,21,2
1857,619,25,4
1858,620,47,4
1859,620,5,1
1860,620,37,4
1861,621,47,3
1862,621,10,1
1863,621,21,2
1864,622,12,4
1865,622,23,3
1866,622,32,4
1867,623,31,4
1868,623,39,3
1869,623,9,2
1870,624,25,4
1871,624,36,4
1872,624,35,5
1873,625,32,5
1874,625,35,2
1875,625,25,1
1876,626,38,4
1877,626,34,5
1878,626,50,2
1879,627,45,1
1880,627,16,3
1881,627,1,2
1882,628,2,3
1883,628,36,4
1884,628,9,1
1885,629,4,3
1886,629,24,2
1887,629,19,4
1888,630,10,5
1889,630,27,2
1890,630,14,2
1891,631,4,2
1892,631,8,2
1893,631,25,1
1894,632,45,4
1895,632,24,1
1896,632,45,1
1897,633,43,5
1898,633,5,4
1899,633,39,2
1900,634,2,2
1901,634,24,2
1902,634,6,2
1903,635,5,1
1904,635,37,4
1905,635,10,2
1906,636,31,2
1907,636,48,5
1908,636,45,3
1909,637,31,4
1910,637,47,3
1911,637,29,1
1912,638,19,1
1913,638,10,1
1914,638,42,1
1915,639,39,2
1916,639,33,2
1917,639,1,4
1918,640,28,4
1919,640,36,3
1920,640,37,5
1921,641,20,2
1922,641,28,2
1923,641,18,1
1924,642,34,4
1925,642,9,2
1926,642,26,5
1927,643,4,2
1928,643,26,2
1929,643,48,5
1930,644,39,1
1931,644,45,4
1932,644,31,3
1933,645,42,4
1934,645,25,2
1935,645,4,3
1936,646,42,4
1937,646,13,3
1938,646,7,1
1939,647,5,3
1940,647,39,3
1941,647,2,2
1942,648,19,2
1943,648,35,1
1944,648,5,2
1945,649,39,1
1946,649,49,3
1947,649,13,5
1948,650,13,1
1949,650,16,3
1950,650,6,5
1951,651,37,1
1952,651,37,4
1953,651,3,1
1954,652,21,1
1955,652,20,1
1956,652,23,3
1957,653,26,5
1958,653,13,3
1959,653,49,4
1960,654,47,3
1961,654,9,1
1962,654,22,4
1963,655,48,5
1964,655,7,5
1965,655,50,2
1966,656,2,5
1967,656,25,4
1968,656,38,1
1969,657,19,2
1970,657,10,4
1971,657,6,1
1972,658,46,2
1973,658,14,2
1974,658,50,2
1975,659,33,5
1976,659,47,5
1977,659,42,5
1978,660,50,3
1979,660,29,2
1980,660,22,3
1981,661,24,5
1982,661,28,1
1983,661,46,4
1984,662,16,2
1985,662,40,5
1986,662,5,2
1987,663,37,4
1988,663,7,1
1989,663,10,3
1990,664,36,1
1991,664,32,1
1992,664,30,3
1993,665,11,3
1994,665,11,1
1995,665,18,5
1996,666,24,3
1997,666,6,1
1998,666,12,4
1999,667,17,4
2000,667,17,4
2001,667,42,2
2002,668,8,5
2003,668,32,1
2004,668,24,3
2005,669,26,4
2006,669,40,2
2007,669,29,3
2008,670,33,5
2009,670,21,3
2010,670,6,4
2011,671,33,4
2012,671,17,1
2013,671,40,1
2014,672,48,2
2015,672,45,5
2016,672,1,2
2017,673,7,3
2018,673,25,2
2019,673,37,4
2020,674,5,2
2021,674,25,4
2022,674,43,1
2023,675,23,4
2024,675,30,5
2025,675,30,1
2026,676,6,2
2027,676,47,1
2028,676,26,4
2029,677,13,4
2030,677,22,1
2031,677,21,3
2032,678,39,4
2033,678,14,4
2034,678,8,3
2035,679,30,1
2036,679,35,2
2037,679,31,2
2038,680,41,2
2039,680,21,5
2040,680,3,5
2041,681,50,4
2042,681,4,3
2043,681,28,4
2044,682,14,1
2045,682,14,1
2046,682,49,4
2047,683,18,3
2048,683,41,2
2049,683,6,2
2050,684,5,3
2051,684,26,1
2052,684,20,4
2053,685,27,5
2054,685,14,3
2055,685,12,1
2056,686,6,4
2057,686,22,3
2058,686,11,2
2059,687,23,4
2060,687,31,4
2061,687,35,2
2062,688,45,4
2063,688,23,5
2064,688,25,1
2065,689,36,5
2066,689,13,1
2067,689,47,5
2068,690,40,2
2069,690,21,3
2070,690,1,2
2071,691,30,2
2072,691,32,3
2073,691,8,4
2074,692,17,5
2075,692,47,1
2076,692,29,2
2077,693,41,4
2078,693,41,5
2079,693,7,1
2080,694,14,2
2081,694,27,5
2082,694,50,2
2083,695,39,4
2084,695,14,3
2085,695,14,2
2086,696,44,5
2087,696,1,3
2088,696,24,1
2089,697,20,3
2090,697,33,1
2091,697,45,4
2092,698,42,4
2093,698,27,4
2094,698,23,3
2095,699,35,4
2096,699,34,3
2097,699,8,2
2098,700,30,4
2099,700,24,2
2100,700,36,5
2101,701,11,5
2102,701,28,4
2103,701,19,4
2104,702,41,3
2105,702,45,5
2106,702,7,1
2107,703,7,1
2108,703,42,1
2109,703,40,4
2110,704,7,4
2111,704,48,5
2112,704,35,1
2113,705,41,4
2114,705,33,5
2115,705,3,3
2116,706,27,2
2117,706,15,4
2118,706,36,4
2119,707,8,2
2120,707,31,1
2121,707,23,4
2122,708,27,4
2123,708,1,3
2124,708,15,5
2125,709,19,3
2126,709,43,3
2127,709,20,4
2128,710,44,2
2129,710,1,4
2130,710,3,1
2131,711,2,2
2132,711,24,5
2133,711,48,5
2134,712,21,3
2135,712,11,5
2136,712,28,2
2137,713,36,4
2138,713,13,5
2139,713,42,4
2140,714,4,5
2141,714,28,2
2142,714,41,4
2143,715,47,2
2144,715,26,3
2145,715,34,2
2146,716,28,2
2147,716,7,2
2148,716,33,1
2149,717,41,5
2150,717,26,3
2151,717,36,2
2152,718,21,2
2153,718,6,1
2154,718,2,4
2155,719,1,5
2156,719,10,1
2157,719,40,5
2158,720,6,5
2159,720,25,1
2160,720,48,2
2161,721,30,3
2162,721,12,2
2163,721,42,2
2164,722,20,2
2165,722,35,2
2166,722,47,4
2167,723,50,3
2168,723,43,1
2169,723,18,1
2170,724,10,1
2171,724,41,5
2172,724,7,1
2173,725,30,5
2174,725,8,1
2175,725,10,3
2176,726,17,2
2177,726,6,1
2178,726,32,3
2179,727,14,4
2180,727,7,4
2181,727,2,4
2182,728,5,4
2183,728,41,1
2184,728,14,4
2185,729,25,3
2186,729,41,4
2187,729,11,2
2188,730,20,1
2189,730,12,5
2190,730,41,5
2191,731,3,1
2192,731,22,3
2193,731,31,5
2194,732,39,5
2195,732,1,2
2196,732,34,3
2197,733,8,2
2198,733,39,1
2199,733,35,1
2200,734,34,5
2201,734,49,2
2202,734,14,3
2203,735,8,2
2204,735,2,3
2205,735,9,2
2206,736,6,2
2207,736,18,3
2208,736,31,2
2209,737,6,3
2210,737,46,5
2211,737,42,3
2212,738,30,4
2213,738,28,5
2214,738,26,2
2215,739,17,2
2216,739,13,3
2217,739,26,1
2218,740,38,5
2219,740,20,2
2220,740,14,4
2221,741,28,4
2222,741,28,5
2223,741,48,3
2224,742,21,5
2225,742,7,5
2226,742,25,4
2227,743,13,5
2228,743,23,3
2229,743,41,1
2230,744,29,2
2231,744,3,5
2232,744,17,5
2233,745,27,3
2234,745,39,5
2235,745,23,4
2236,746,2,1
2237,746,12,3
2238,746,28,2
2239,747,23,2
2240,747,5,2
2241,747,43,3
2242,748,24,2
2243,748,50,3
2244,748,8,1
2245,749,21,1
2246,749,46,3
2247,749,14,4
2248,750,37,3
2249,750,15,5
2250,750,5,4
2251,751,19,5
2252,751,14,5
2253,751,14,1
2254,752,36,3
2255,752,46,5
2256,752,43,1
2257,753,37,4
2258,753,44,4
2259,753,21,3
2260,754,13,2
2261,754,4,4
2262,754,32,1
2263,755,18,4
2264,755,8,1
2265,755,29,2
2266,756,39,3
2267,756,38,4
2268,756,16,5
2269,757,2,3
2270,757,2,5
2271,757,1,4
2272,758,19,2
2273,758,26,1
2274,758,35,5
2275,759,3,3
2276,759,42,1
2277,759,5,4
2278,760,7,4
2279,760,47,3
2280,760,18,3
2281,761,49,3
2282,761,26,1
2283,761,36,3
2284,762,32,5
2285,762,4,4
2286,762,20,4
2287,763,32,1
2288,763,24,5
2289,763,7,1
2290,764,15,1
2291,764,1,2
2292,764,7,3
2293,765,45,4
2294,765,15,2
2295,765,6,2
2296,766,47,3
2297,766,35,1
2298,766,45,1
2299,767,17,1
2300,767,8,1
2301,767,20,1
2302,768,17,3
2303,768,45,5
2304,768,25,3
2305,769,45,2
2306,769,9,5
2307,769,30,1
2308,770,9,3
2309,770,10,5
2310,770,27,4
2311,771,43,1
2312,771,34,5
2313,771,16,5
2314,772,31,4
2315,772,18,3
2316,772,50,4
2317,773,15,1
2318,773,17,3
2319,773,46,1
2320,774,23,5
2321,774,16,2
2322,774,45,1
2323,775,5,4
2324,775,4,2
2325,775,1,2
2326,776,30,4
2327,776,13,4
2328,776,7,3
2329,777,14,5
2330,777,49,5
2331,777,33,3
2332,778,49,3
2333,778,46,4
2334,778,42,2
2335,779,33,1
2336,779,9,2
2337,779,24,4
2338,780,29,5
2339,780,33,2
2340,780,50,4
2341,781,13,1
2342,781,18,4
2343,781,11,3
2344,782,37,1
2345,782,10,4
2346,782,7,1
2347,783,16,1
2348,783,30,2
2349,783,18,1
2350,784,31,5
2351,784,29,3
2352,784,17,1
2353,785,36,1
2354,785,23,4
2355,785,14,2
2356,786,26,5
2357,786,28,5
2358,786,22,1
2359,787,29,3
2360,787,24,1
2361,787,4,4
2362,788,47,4
2363,788,13,3
2364,788,13,4
2365,789,12,5
2366,789,18,5
2367,789,39,4
2368,790,34,4
2369,790,7,1
2370,790,42,2
2371,791,8,2
2372,791,8,1
2373,791,3,5
2374,792,18,2
2375,792,5,5
2376,792,7,3
2377,793,15,5
2378,793,45,4
2379,793,26,4
2380,794,7,2
2381,794,47,3
2382,794,32,2
2383,795,11,2
2384,795,23,3
2385,795,46,5
2386,796,19,1
2387,796,7,2
2388,796,33,5
2389,797,31,3
2390,797,45,2
2391,797,11,3
2392,798,44,1
2393,798,11,2
2394,798,22,4
2395,799,10,1
2396,799,43,4
2397,799,28,3
2398,800,2,2
2399,800,17,1
2400,800,11,1
2401,801,39,3
2402,801,31,5
2403,801,1,4
2404,802,16,4
2405,802,8,1
2406,802,2,5
2407,803,44,3
2408,803,15,5
2409,803,33,2
2410,804,49,2
2411,804,50,1
2412,804,7,3
2413,805,48,3
2414,805,29,4
2415,805,48,3
2416,806,35,3
2417,806,43,4
2418,806,17,3
2419,807,30,1
2420,807,23,3
2421,807,46,3
2422,808,34,5
2423,808,31,1
2424,808,18,5
2425,809,47,1
2426,809,10,4
2427,809,15,2
2428,810,23,4
2429,810,2,2
2430,810,37,4
2431,811,24,2
2432,811,48,1
2433,811,13,4
2434,812,41,1
2435,812,18,5
2436,812,29,5
2437,813,12,3
2438,813,44,3
2439,813,22,4
2440,814,38,4
2441,814,18,3
2442,814,13,1
2443,815,38,5
2444,815,45,3
2445,815,40,1
2446,816,28,4
2447,816,37,3
2448,816,19,1
2449,817,1,4
2450,817,44,2
2451,817,30,2
2452,818,34,3
2453,818,40,5
2454,818,43,2
2455,819,20,4
2456,819,19,1
2457,819,19,1
2458,820,30,1
2459,820,14,3
2460,820,38,1
2461,821,4,4
2462,821,20,1
2463,821,28,3
2464,822,43,1
2465,822,4,3
2466,822,9,3
2467,823,19,5
2468,823,43,5
2469,823,10,1
2470,824,46,3
2471,824,10,2
2472,824,28,5
2473,825,6,3
2474,825,15,1
2475,825,31,3
2476,826,16,4
2477,826,28,4
2478,826,7,3
2479,827,20,5
2480,827,20,2
2481,827,37,4
2482,828,44,3
2483,828,38,2
2484,828,44,2
2485,829,17,2
2486,829,27,5
2487,829,13,3
2488,830,20,1
2489,830,20,5
2490,830,41,4
2491,831,35,2
2492,831,25,4
2493,831,7,2
2494,832,34,4
2495,832,45,3
2496,832,33,3
2497,833,30,3
2498,833,28,4
2499,833,27,4
2500,834,30,1
2501,834,36,1
2502,834,50,4
2503,835,6,2
2504,835,40,3
2505,835,16,5
2506,836,33,3
2507,836,9,5
2508,836,35,5
2509,837,19,1
2510,837,49,4
2511,837,9,4
2512,838,43,1
2513,838,30,5
2514,838,30,1
2515,839,6,1
2516,839,18,1
2517,839,22,5
2518,840,7,3
2519,840,37,4
2520,840,45,3
2521,841,4,1
2522,841,48,5
2523,841,44,5
2524,842,48,1
2525,842,45,2
2526,842,34,2
2527,843,36,4
2528,843,9,2
2529,843,44,2
2530,844,20,3
2531,844,47,1
2532,844,32,5
2533,845,45,2
2534,845,8,1
2535,845,1,2
2536,846,39,1
2537,846,34,1
2538,846,16,2
2539,847,7,4
2540,847,2,5
2541,847,29,4
2542,848,4,1
2543,848,20,4
2544,848,31,2
2545,849,16,5
2546,849,17,5
2547,849,44,4
2548,850,43,5
2549,850,8,4
2550,850,10,1
2551,851,12,2
2552,851,48,2
2553,851,11,5
2554,852,48,5
2555,852,13,4
2556,852,31,3
2557,853,19,1
2558,853,38,4
2559,853,24,3
2560,854,26,4
2561,854,45,1
2562,854,30,4
2563,855,28,2
2564,855,2,3
2565,855,30,1
2566,856,37,4
2567,856,1,5
2568,856,20,1
2569,857,42,5
2570,857,29,1
2571,857,23,2
2572,858,30,4
2573,858,18,1
2574,858,11,3
2575,859,33,5
2576,859,14,3
2577,859,46,5
2578,860,25,5
2579,860,5,2
2580,860,42,2
2581,861,23,5
2582,861,22,4
2583,861,46,2
2584,862,18,3
2585,862,26,1
2586,862,42,4
2587,863,25,4
2588,863,39,2
2589,863,37,5
2590,864,50,5
2591,864,17,2
2592,864,45,3
2593,865,38,5
2594,865,23,5
2595,865,40,4
2596,866,5,1
2597,866,2,2
2598,866,15,1
2599,867,43,1
2600,867,32,4
2601,867,21,2
2602,868,50,2
2603,868,7,2
2604,868,47,4
2605,869,49,4
2606,869,5,1
2607,869,40,3
2608,870,8,1
2609,870,48,1
2610,870,29,3
2611,871,39,1
2612,871,12,3
2613,871,7,4
2614,872,25,2
2615,872,41,5
2616,872,36,2
2617,873,13,3
2618,873,32,4
2619,873,44,3
2620,874,15,2
2621,874,48,2
2622,874,28,5
2623,875,13,1
2624,875,38,1
2625,875,41,1
2626,876,14,1
2627,876,9,1
2628,876,24,4
2629,877,37,5
2630,877,5,3
2631,877,12,5
2632,878,32,2
2633,878,14,5
2634,878,31,5
2635,879,23,3
2636,879,40,5
2637,879,9,1
2638,880,29,4
2639,880,41,4
2640,880,5,5
2641,881,6,2
2642,881,34,3
2643,881,7,1
2644,882,32,2
2645,882,4,5
2646,882,35,3
2647,883,2,2
2648,883,19,3
2649,883,25,3
2650,884,5,2
2651,884,19,1
2652,884,35,5
2653,885,16,5
2654,885,40,5
2655,885,20,4
2656,886,40,1
2657,886,35,1
2658,886,38,4
2659,887,17,1
2660,887,3,3
2661,887,27,3
2662,888,13,3
2663,888,49,1
2664,888,9,2
2665,889,36,3
2666,889,49,1
2667,889,16,4
2668,890,5,5
2669,890,40,1
2670,890,23,1
2671,891,27,5
2672,891,48,5
2673,891,6,5
2674,892,31,2
2675,892,18,1
2676,892,7,1
2677,893,32,5
2678,893,15,3
2679,893,28,4
2680,894,20,2
2681,894,2,1
2682,894,2,2
2683,895,35,5
2684,895,25,1
2685,895,36,4
2686,896,4,4
2687,896,50,4
2688,896,45,2
2689,897,28,4
2690,897,36,2
2691,897,8,4
2692,898,8,5
2693,898,24,3
2694,898,13,3
2695,899,28,1
2696,899,16,2
2697,899,6,5
2698,900,1,2
2699,900,27,5
2700,900,37,1
2701,901,1,2
2702,901,4,1
2703,901,4,2
2704,902,29,2
2705,902,19,1
2706,902,21,3
2707,903,39,2
2708,903,19,2
2709,903,39,4
2710,904,31,1
2711,904,43,1
2712,904,5,3
2713,905,35,2
2714,905,32,3
2715,905,15,4
2716,906,46,3
2717,906,24,5
2718,906,19,2
2719,907,34,3
2720,907,21,5
2721,907,33,1
2722,908,4,3
2723,908,27,5
2724,908,32,3
2725,909,6,2
2726,909,9,5
2727,909,15,3
2728,910,48,5
2729,910,14,1
2730,910,24,2
2731,911,3,2
2732,911,45,4
2733,911,42,4
2734,912,8,1
2735,912,32,1
2736,912,18,3
2737,913,38,4
2738,913,20,1
2739,913,4,3
2740,914,40,4
2741,914,32,1
2742,914,25,4
2743,915,29,1
2744,915,15,2
2745,915,25,2
2746,916,43,4
2747,916,35,1
2748,916,43,3
2749,917,3,5
2750,917,49,3
2751,917,2,5
2752,918,49,3
2753,918,17,5
2754,918,14,1
2755,919,22,5
2756,919,28,4
2757,919,47,1
2758,920,7,5
2759,920,25,3
2760,920,35,4
2761,921,28,5
2762,921,47,5
2763,921,50,5
2764,922,17,2
2765,922,25,4
2766,922,48,2
2767,923,9,1
2768,923,18,3
2769,923,6,2
2770,924,50,5
2771,924,19,3
2772,924,37,4
2773,925,3,5
2774,925,18,3
2775,925,18,3
2776,926,42,5
2777,926,1,1
2778,926,20,5
2779,927,43,3
2780,927,17,2
2781,927,29,4
2782,928,2,4
2783,928,1,4
2784,928,3,3
2785,929,31,5
2786,929,14,4
2787,929,4,5
2788,930,6,3
2789,930,40,5
2790,930,21,1
2791,931,29,2
2792,931,17,3
2793,931,17,4
2794,932,9,2
2795,932,41,2
2796,932,10,5
2797,933,42,1
2798,933,15,1
2799,933,42,1
2800,934,12,5
2801,934,29,5
2802,934,21,1
2803,935,36,2
2804,935,4,3
2805,935,17,1
2806,936,44,3
2807,936,35,1
2808,936,39,2
2809,937,23,1
2810,937,5,5
2811,937,29,1
2812,938,33,1
2813,938,16,2
2814,938,21,5
2815,939,24,4
2816,939,5,4
2817,939,19,2
2818,940,2,3
2819,940,39,3
2820,940,22,4
2821,941,42,3
2822,941,31,3
2823,941,40,1
2824,942,11,3
2825,942,3,3
2826,942,10,5
2827,943,2,1
2828,943,39,2
2829,943,21,5
2830,944,46,5
2831,944,38,3
2832,944,14,4
2833,945,38,1
2834,945,43,2
2835,945,25,1
2836,946,5,2
2837,946,37,5
2838,946,37,5
2839,947,47,4
2840,947,35,1
2841,947,34,1
2842,948,39,4
2843,948,43,5
2844,948,34,4
2845,949,21,3
2846,949,13,5
2847,949,19,2
2848,950,22,2
2849,950,50,3
2850,950,15,4
2851,951,21,1
2852,951,45,2
2853,951,29,4
2854,952,24,1
2855,952,23,5
2856,952,33,1
2857,953,24,4
2858,953,39,2
2859,953,29,4
2860,954,15,5
2861,954,9,5
2862,954,16,4
2863,955,44,5
2864,955,43,2
2865,955,39,3
2866,956,19,3
2867,956,21,1
2868,956,6,4
2869,957,27,5
2870,957,10,5
2871,957,32,2
2872,958,12,4
2873,958,1,2
2874,958,8,4
2875,959,17,5
2876,959,46,4
2877,959,48,1
2878,960,9,1
2879,960,28,1
2880,960,45,2
2881,961,5,2
2882,961,33,5
2883,961,25,4
2884,962,23,2
2885,962,26,5
2886,962,16,3
2887,963,8,3
2888,963,22,5
2889,963,39,5
2890,964,7,1
2891,964,5,3
2892,964,29,4
2893,965,41,4
2894,965,48,4
2895,965,19,4
2896,966,45,2
2897,966,47,2
2898,966,47,5
2899,967,33,1
2900,967,10,1
2901,967,38,5
2902,968,24,4
2903,968,25,3
2904,968,29,2
2905,969,33,5
2906,969,18,1
2907,969,15,3
2908,970,32,3
2909,970,4,5
2910,970,34,5
2911,971,38,5
2912,971,28,3
2913,971,21,4
2914,972,21,2
2915,972,10,1
2916,972,48,2
2917,973,28,5
2918,973,18,5
2919,973,40,3
2920,974,7,3
2921,974,19,2
2922,974,8,3
2923,975,18,4
2924,975,29,2
2925,975,11,3
2926,976,17,5
2927,976,49,1
2928,976,15,3
2929,977,10,1
2930,977,14,5
2931,977,33,2
2932,978,2,5
2933,978,3,5
2934,978,35,2
2935,979,1,4
2936,979,2,3
2937,979,14,3
2938,980,37,4
2939,980,47,4
2940,980,34,2
2941,981,30,3
2942,981,8,1
2943,981,29,4
2944,982,32,3
2945,982,6,2
2946,982,18,1
2947,983,23,1
2948,983,48,2
2949,983,47,1
2950,984,21,2
2951,984,33,3
2952,984,18,4
2953,985,41,5
2954,985,44,1
2955,985,46,3
2956,986,3,4
2957,986,7,5
2958,986,21,2
2959,987,36,1
2960,987,41,1
2961,987,16,2
2962,988,38,4
2963,988,15,2
2964,988,17,4
2965,989,10,4
2966,989,12,4
2967,989,19,2
2968,990,13,1
2969,990,34,2
2970,990,1,4
2971,991,5,4
2972,991,36,5
2973,991,14,2
2974,992,3,4
2975,992,45,3
2976,992,40,4
2977,993,41,5
2978,993,16,3
2979,993,31,5
2980,994,43,2
2981,994,20,2
2982,994,19,4
2983,995,32,4
2984,995,39,3
2985,995,35,4
2986,996,19,1
2987,996,15,1
2988,996,49,3
2989,997,27,4
2990,997,21,2
2991,997,43,4
2992,998,8,2
2993,998,30,3
2994,998,43,1
2995,999,23,4
2996,999,46,2
2997,999,50,4
2998,1000,32,5
2999,1000,27,2
3000,1000,2,3
3001,1001,18,5
3002,1001,14,4
3003,1001,4,5
3004,1002,50,3
3005,1002,17,3
3006,1002,27,4
3007,1003,29,4
3008,1003,26,3
3009,1003,4,3
3010,1004,32,2
3011,1004,22,1
3012,1004,20,4
3013,1005,27,2
3014,1005,37,2
3015,1005,35,2
3016,1006,50,1
3017,1006,40,5
3018,1006,22,2
3019,1007,39,5
3020,1007,2,1
3021,1007,25,1
3022,1008,50,3
3023,1008,23,5
3024,1008,5,1
3025,1009,34,2
3026,1009,24,5
3027,1009,13,2
3028,1010,35,4
3029,1010,46,2
3030,1010,19,2
3031,1011,24,3
3032,1011,27,2
3033,1011,36,2
3034,1012,1,1
3035,1012,2,5
3036,1012,7,5
3037,1013,26,4
3038,1013,3,2
3039,1013,19,3
3040,1014,2,2
3041,1014,41,2
3042,1014,3,3
3043,1015,48,1
3044,1015,25,4
3045,1015,9,3
3046,1016,6,1
3047,1016,5,5
3048,1016,47,4
3049,1017,2,1
3050,1017,48,5
3051,1017,39,2
3052,1018,7,5
3053,1018,26,2
3054,1018,39,3
3055,1019,21,4
3056,1019,33,1
3057,1019,20,3
3058,1020,30,2
3059,1020,7,3
3060,1020,42,5
3061,1021,31,4
3062,1021,19,4
3063,1021,6,2
3064,1022,27,5
3065,1022,18,4
3066,1022,19,5
3067,1023,33,2
3068,1023,25,1
3069,1023,32,4
3070,1024,24,5
3071,1024,46,1
3072,1024,29,2
3073,1025,37,1
3074,1025,26,2
3075,1025,29,3
3076,1026,31,5
3077,1026,7,3
3078,1026,22,2
3079,1027,41,1
3080,1027,7,5
3081,1027,11,2
3082,1028,32,5
3083,1028,16,1
3084,1028,10,4
3085,1029,40,4
3086,1029,34,5
3087,1029,49,2
3088,1030,4,4
3089,1030,17,4
3090,1030,20,3
3091,1031,10,1
3092,1031,21,5
3093,1031,39,4
3094,1032,1,3
3095,1032,45,2
3096,1032,49,5
3097,1033,32,5
3098,1033,32,3
3099,1033,42,2
3100,1034,21,4
3101,1034,46,4
3102,1034,33,5
3103,1035,48,1
3104,1035,7,4
3105,1035,45,1
3106,1036,25,2
3107,1036,49,1
3108,1036,11,5
3109,1037,48,1
3110,1037,11,2
3111,1037,29,1
3112,1038,3,4
3113,1038,32,2
3114,1038,41,5
3115,1039,32,2
3116,1039,48,5
3117,1039,27,4
3118,1040,1,3
3119,1040,8,4
3120,1040,19,3
3121,1041,34,3
3122,1041,40,3
3123,1041,37,2
3124,1042,10,3
3125,1042,34,2
3126,1042,40,3
3127,1043,34,5
3128,1043,17,4
3129,1043,30,2
3130,1044,22,2
3131,1044,11,5
3132,1044,46,4
3133,1045,1,3
3134,1045,27,2
3135,1045,10,4
3136,1046,5,1
3137,1046,20,2
3138,1046,13,1
3139,1047,35,4
3140,1047,22,1
3141,1047,4,5
3142,1048,30,5
3143,1048,11,1
3144,1048,23,5
3145,1049,15,3
3146,1049,41,1
3147,1049,13,3
3148,1050,19,4
3149,1050,38,3
3150,1050,24,5
3151,1051,50,4
3152,1051,17,5
3153,1051,35,2
3154,1052,5,5
3155,1052,10,1
3156,1052,47,2
3157,1053,18,2
3158,1053,17,5
3159,1053,7,2
3160,1054,34,5
3161,1054,42,4
3162,1054,22,5
3163,1055,50,5
3164,1055,39,3
3165,1055,48,5
3166,1056,43,4
3167,1056,14,2
3168,1056,1,2
3169,1057,14,1
3170,1057,40,2
3171,1057,10,2
3172,1058,31,1
3173,1058,21,1
3174,1058,4,2
3175,1059,33,4
3176,1059,28,4
3177,1059,21,3
3178,1060,33,1
3179,1060,16,5
3180,1060,26,4
3181,1061,50,4
3182,1061,46,4
3183,1061,23,3
3184,1062,34,3
3185,1062,34,1
3186,1062,39,2
3187,1063,11,3
3188,1063,46,2
3189,1063,28,5
3190,1064,29,4
3191,1064,45,3
3192,1064,44,1
3193,1065,36,4
3194,1065,42,3
3195,1065,12,1
3196,1066,24,4
3197,1066,50,3
3198,1066,47,4
3199,1067,14,5
3200,1067,36,2
3201,1067,25,3
3202,1068,12,1
3203,1068,13,4
3204,1068,24,5
3205,1069,13,1
3206,1069,38,3
3207,1069,22,1
3208,1070,24,3
3209,1070,33,1
3210,1070,39,3
3211,1071,3,3
3212,1071,42,4
3213,1071,26,1
3214,1072,45,3
3215,1072,18,1
3216,1072,37,1
3217,1073,46,4
3218,1073,39,4
3219,1073,32,2
3220,1074,31,5
3221,1074,7,1
3222,1074,24,1
3223,1075,40,2
3224,1075,46,2
3225,1075,9,1
3226,1076,27,1
3227,1076,4,4
3228,1076,41,1
3229,1077,21,1
3230,1077,35,3
3231,1077,13,5
3232,1078,48,1
3233,1078,22,3
3234,1078,46,2
3235,1079,38,3
3236,1079,34,1
3237,1079,43,4
3238,1080,27,1
3239,1080,5,2
3240,1080,49,5
3241,1081,10,3
3242,1081,6,2
3243,1081,29,1
3244,1082,18,5
3245,1082,13,5
3246,1082,27,2
3247,1083,41,1
3248,1083,20,3
3249,1083,36,3
3250,1084,8,3
3251,1084,30,5
3252,1084,45,1
3253,1085,37,4
3254,1085,6,1
3255,1085,6,2
3256,1086,47,1
3257,1086,12,3
3258,1086,38,1
3259,1087,50,2
3260,1087,1,2
3261,1087,41,3
3262,1088,30,1
3263,1088,47,2
3264,1088,20,2
3265,1089,48,2
3266,1089,20,1
3267,1089,25,3
3268,1090,12,3
3269,1090,9,5
3270,1090,21,4
3271,1091,15,2
3272,1091,18,2
3273,1091,12,3
3274,1092,17,4
3275,1092,17,1
3276,1092,32,3
3277,1093,38,3
3278,1093,23,5
3279,1093,29,2
3280,1094,3,5
3281,1094,25,2
3282,1094,35,5
3283,1095,14,4
3284,1095,23,3
3285,1095,14,3
3286,1096,45,5
3287,1096,36,3
3288,1096,6,5
3289,1097,50,2
3290,1097,17,2
3291,1097,30,3
3292,1098,3,1
3293,1098,34,2
3294,1098,31,2
3295,1099,30,5
3296,1099,21,3
3297,1099,37,4
3298,1100,43,5
3299,1100,3,3
3300,1100,45,1
3301,1101,41,3
3302,1101,1,2
3303,1101,27,4
3304,1102,22,3
3305,1102,42,1
3306,1102,12,3
3307,1103,20,2
3308,1103,30,5
3309,1103,12,1
3310,1104,29,5
3311,1104,30,5
3312,1104,37,4
3313,1105,47,4
3314,1105,31,2
3315,1105,17,3
3316,1106,39,3
3317,1106,31,4
3318,1106,20,1
3319,1107,15,5
3320,1107,7,4
3321,1107,28,3
3322,1108,37,4
3323,1108,38,1
3324,1108,11,5
3325,1109,11,3
3326,1109,39,5
3327,1109,13,5
3328,1110,49,2
3329,1110,9,3
3330,1110,4,1
3331,1111,20,2
3332,1111,23,4
3333,1111,26,2
3334,1112,30,1
3335,1112,43,2
3336,1112,13,2
3337,1113,20,3
3338,1113,6,2
3339,1113,16,2
3340,1114,28,1
3341,1114,47,2
3342,1114,10,5
3343,1115,50,3
3344,1115,1,4
3345,1115,11,3
3346,1116,7,4
3347,1116,36,4
3348,1116,45,2
3349,1117,31,4
3350,1117,30,2
3351,1117,49,1
3352,1118,25,2
3353,1118,21,2
3354,1118,26,3
3355,1119,19,4
3356,1119,39,4
3357,1119,35,1
3358,1120,23,4
3359,1120,43,5
3360,1120,2,2
3361,1121,39,2
3362,1121,50,2
3363,1121,24,3
3364,1122,22,5
3365,1122,1,5
3366,1122,39,4
3367,1123,5,2
3368,1123,9,4
3369,1123,13,1
3370,1124,14,3
3371,1124,28,1
3372,1124,22,4
3373,1125,42,2
3374,1125,28,2
3375,1125,19,3
3376,1126,25,4
3377,1126,3,3
3378,1126,27,2
3379,1127,11,4
3380,1127,44,5
3381,1127,7,4
3382,1128,6,3
3383,1128,44,1
3384,1128,42,4
3385,1129,1,2
3386,1129,21,2
3387,1129,37,5
3388,1130,25,4
3389,1130,1,4
3390,1130,42,4
3391,1131,28,1
3392,1131,20,4
3393,1131,17,1
3394,1132,39,4
3395,1132,33,3
3396,1132,50,4
3397,1133,46,3
3398,1133,35,3
3399,1133,8,2
3400,1134,28,5
3401,1134,49,4
3402,1134,44,1
3403,1135,10,1
3404,1135,22,5
3405,1135,17,2
3406,1136,33,5
3407,1136,47,4
3408,1136,28,1
3409,1137,30,3
3410,1137,3,1
3411,1137,32,4
3412,1138,24,1
3413,1138,39,3
3414,1138,17,4
3415,1139,22,3
3416,1139,50,1
3417,1139,35,3
3418,1140,12,3
3419,1140,23,4
3420,1140,2,4
3421,1141,21,3
3422,1141,41,1
3423,1141,39,1
3424,1142,23,1
3425,1142,35,4
3426,1142,16,2
3427,1143,6,5
3428,1143,7,2
3429,1143,47,2
3430,1144,41,4
3431,1144,28,3
3432,1144,23,4
3433,1145,45,5
3434,1145,16,5
3435,1145,37,4
3436,1146,3,1
3437,1146,21,3
3438,1146,3,2
3439,1147,39,1
3440,1147,25,5
3441,1147,47,1
3442,1148,22,3
3443,1148,28,4
3444,1148,2,2
3445,1149,48,3
3446,1149,47,1
3447,1149,28,1
3448,1150,13,5
3449,1150,17,3
3450,1150,40,5
3451,1151,35,2
3452,1151,45,1
3453,1151,24,5
3454,1152,31,2
3455,1152,49,4
3456,1152,18,2
3457,1153,18,5
3458,1153,43,1
3459,1153,39,4
3460,1154,12,3
3461,1154,18,1
3462,1154,27,2
3463,1155,2,4
3464,1155,43,2
3465,1155,18,3
3466,1156,30,5
3467,1156,41,3
3468,1156,7,2
3469,1157,15,1
3470,1157,46,3
3471,1157,15,1
3472,1158,40,3
3473,1158,47,5
3474,1158,30,5
3475,1159,27,5
3476,1159,22,5
3477,1159,25,4
3478,1160,36,1
3479,1160,22,3
3480,1160,21,3
3481,1161,29,2
3482,1161,30,4
3483,1161,14,5
3484,1162,45,2
3485,1162,44,4
3486,1162,17,4
3487,1163,3,5
3488,1163,6,4
3489,1163,36,3
3490,1164,6,2
3491,1164,48,5
3492,1164,24,3
3493,1165,19,3
3494,1165,29,4
3495,1165,2,2
3496,1166,40,5
3497,1166,11,5
3498,1166,23,5
3499,1167,28,4
3500,1167,49,1
3501,1167,49,3
3502,1168,36,4
3503,1168,16,4
3504,1168,35,2
3505,1169,25,5
3506,1169,8,1
3507,1169,26,2
3508,1170,14,1
3509,1170,37,3
3510,1170,12,2
3511,1171,50,4
3512,1171,36,4
3513,1171,23,2
3514,1172,27,5
3515,1172,18,3
3516,1172,50,3
3517,1173,41,1
3518,1173,43,3
3519,1173,33,5
3520,1174,35,4
3521,1174,15,4
3522,1174,32,4
3523,1175,19,4
3524,1175,11,2
3525,1175,26,3
3526,1176,1,5
3527,1176,22,4
3528,1176,42,2
3529,1177,44,1
3530,1177,25,5
3531,1177,42,4
3532,1178,27,4
3533,1178,13,1
3534,1178,40,2
3535,1179,9,5
3536,1179,40,5
3537,1179,6,5
3538,1180,37,4
3539,1180,2,3
3540,1180,40,2
3541,1181,11,5
3542,1181,41,4
3543,1181,44,1
3544,1182,24,1
3545,1182,48,5
3546,1182,42,4
3547,1183,36,5
3548,1183,13,2
3549,1183,30,3
3550,1184,47,2
3551,1184,12,4
3552,1184,46,2
3553,1185,21,2
3554,1185,19,1
3555,1185,2,2
3556,1186,37,4
3557,1186,30,2
3558,1186,44,5
3559,1187,29,2
3560,1187,12,4
3561,1187,33,1
3562,1188,39,3
3563,1188,11,2
3564,1188,30,1
3565,1189,1,1
3566,1189,44,4
3567,1189,34,4
3568,1190,25,1
3569,1190,27,3
3570,1190,46,5
3571,1191,8,5
3572,1191,42,5
3573,1191,46,1
3574,1192,29,4
3575,1192,47,1
3576,1192,19,4
3577,1193,47,1
3578,1193,24,4
3579,1193,46,5
3580,1194,41,4
3581,1194,28,1
3582,1194,7,2
3583,1195,17,5
3584,1195,49,1
3585,1195,47,2
3586,1196,24,4
3587,1196,43,3
3588,1196,10,2
3589,1197,31,2
3590,1197,17,1
3591,1197,22,1
3592,1198,30,4
3593,1198,49,2
3594,1198,49,3
3595,1199,22,3
3596,1199,45,4
3597,1199,22,4
3598,1200,45,3
3599,1200,37,3
3600,1200,39,1
3601,1201,49,2
3602,1201,10,5
3603,1201,19,1
3604,1202,15,3
3605,1202,37,3
3606,1202,46,3
3607,1203,20,2
3608,1203,37,3
3609,1203,31,4
3610,1204,44,3
3611,1204,10,2
3612,1204,10,5
3613,1205,19,4
3614,1205,17,2
3615,1205,2,2
3616,1206,38,3
3617,1206,10,5
3618,1206,1,3
3619,1207,24,5
3620,1207,48,5
3621,1207,26,4
3622,1208,40,2
3623,1208,23,2
3624,1208,38,5
3625,1209,21,5
3626,1209,24,4
3627,1209,32,2
3628,1210,34,4
3629,1210,12,4
3630,1210,25,1
3631,1211,43,1
3632,1211,22,2
3633,1211,20,2
3634,1212,15,2
3635,1212,18,5
3636,1212,50,1
3637,1213,42,2
3638,1213,23,4
3639,1213,30,5
3640,1214,41,1
3641,1214,48,5
3642,1214,15,2
3643,1215,24,1
3644,1215,26,1
3645,1215,22,5
3646,1216,5,3
3647,1216,36,5
3648,1216,48,5
3649,1217,6,1
3650,1217,29,5
3651,1217,34,2
3652,1218,16,3
3653,1218,48,2
3654,1218,45,2
3655,1219,15,4
3656,1219,12,1
3657,1219,39,3
3658,1220,36,3
3659,1220,6,2
3660,1220,47,1
3661,1221,9,5
3662,1221,20,1
3663,1221,14,2
3664,1222,16,5
3665,1222,49,5
3666,1222,31,4
3667,1223,7,5
3668,1223,4,3
3669,1223,41,1
3670,1224,13,4
3671,1224,8,4
3672,1224,6,4
3673,1225,13,1
3674,1225,35,5
3675,1225,14,5
3676,1226,32,3
3677,1226,37,1
3678,1226,38,4
3679,1227,8,4
3680,1227,50,2
3681,1227,38,5
3682,1228,49,4
3683,1228,1,3
3684,1228,49,4
3685,1229,39,3
3686,1229,32,2
3687,1229,22,5
3688,1230,31,5
3689,1230,19,3
3690,1230,17,5
3691,1231,16,3
3692,1231,18,5
3693,1231,33,3
3694,1232,41,4
3695,1232,8,2
3696,1232,32,1
3697,1233,21,5
3698,1233,31,4
3699,1233,11,2
3700,1234,5,4
3701,1234,44,3
3702,1234,7,4
3703,1235,22,5
3704,1235,12,2
3705,1235,50,1
3706,1236,49,2
3707,1236,14,3
3708,1236,33,3
3709,1237,21,5
3710,1237,31,1
3711,1237,44,3
3712,1238,40,2
3713,1238,37,2
3714,1238,21,2
3715,1239,13,4
3716,1239,11,2
3717,1239,40,2
3718,1240,21,5
3719,1240,31,5
3720,1240,27,3
3721,1241,15,3
3722,1241,31,3
3723,1241,24,2
3724,1242,20,3
3725,1242,47,3
3726,1242,48,3
3727,1243,29,3
3728,1243,28,5
3729,1243,26,4
3730,1244,1,4
3731,1244,4,4
3732,1244,23,2
3733,1245,30,3
3734,1245,2,2
3735,1245,14,3
3736,1246,19,3
3737,1246,2,3
3738,1246,28,4
3739,1247,21,5
3740,1247,36,2
3741,1247,14,5
3742,1248,33,4
3743,1248,18,1
3744,1248,5,2
3745,1249,11,3
3746,1249,47,4
3747,1249,47,5
3748,1250,31,1
3749,1250,50,4
3750,1250,45,4
3751,1251,16,3
3752,1251,39,5
3753,1251,25,1
3754,1252,7,1
3755,1252,41,3
3756,1252,18,5
3757,1253,24,4
3758,1253,19,1
3759,1253,31,2
3760,1254,48,1
3761,1254,21,4
3762,1254,10,2
3763,1255,38,3
3764,1255,37,2
3765,1255,36,1
3766,1256,29,2
3767,1256,21,5
3768,1256,35,3
3769,1257,36,5
3770,1257,19,1
3771,1257,9,1
3772,1258,45,3
3773,1258,24,4
3774,1258,48,2
3775,1259,12,3
3776,1259,30,2
3777,1259,30,3
3778,1260,22,2
3779,1260,44,3
3780,1260,17,5
3781,1261,48,1
3782,1261,9,1
3783,1261,42,4
3784,1262,28,4
3785,1262,32,1
3786,1262,34,1
3787,1263,33,3
3788,1263,2,5
3789,1263,28,1
3790,1264,33,3
3791,1264,35,4
3792,1264,19,5
3793,1265,22,1
3794,1265,48,1
3795,1265,37,1
3796,1266,36,1
3797,1266,35,2
3798,1266,33,1
3799,1267,37,4
3800,1267,40,2
3801,1267,49,1
3802,1268,50,4
3803,1268,18,4
3804,1268,29,2
3805,1269,42,3
3806,1269,5,2
3807,1269,42,5
3808,1270,22,4
3809,1270,34,4
3810,1270,2,4
3811,1271,37,3
3812,1271,1,5
3813,1271,25,1
3814,1272,1,2
3815,1272,21,4
3816,1272,10,3
3817,1273,15,5
3818,1273,44,3
3819,1273,35,4
3820,1274,42,2
3821,1274,50,5
3822,1274,23,5
3823,1275,10,2
3824,1275,50,2
3825,1275,14,3
3826,1276,12,1
3827,1276,2,5
3828,1276,39,1
3829,1277,50,2
3830,1277,35,3
3831,1277,5,3
3832,1278,21,2
3833,1278,43,2
3834,1278,13,3
3835,1279,11,4
3836,1279,18,2
3837,1279,14,3
3838,1280,2,2
3839,1280,29,1
3840,1280,25,1
3841,1281,29,2
3842,1281,25,1
3843,1281,29,4
3844,1282,26,2
3845,1282,14,4
3846,1282,38,1
3847,1283,6,2
3848,1283,33,5
3849,1283,47,5
3850,1284,8,2
3851,1284,49,2
3852,1284,8,4
3853,1285,48,5
3854,1285,23,3
3855,1285,27,2
3856,1286,14,1
3857,1286,33,3
3858,1286,31,3
3859,1287,33,1
3860,1287,30,1
3861,1287,1,4
3862,1288,27,4
3863,1288,7,3
3864,1288,24,3
3865,1289,5,4
3866,1289,42,3
3867,1289,15,1
3868,1290,42,4
3869,1290,31,1
3870,1290,18,3
3871,1291,3,2
3872,1291,16,2
3873,1291,37,1
3874,1292,9,5
3875,1292,10,2
3876,1292,45,4
3877,1293,49,1
3878,1293,4,5
3879,1293,14,3
3880,1294,24,5
3881,1294,27,2
3882,1294,27,2
3883,1295,12,5
3884,1295,10,2
3885,1295,24,1
3886,1296,11,1
3887,1296,32,2
3888,1296,20,4
3889,1297,41,3
3890,1297,17,5
3891,1297,21,1
3892,1298,2,3
3893,1298,2,4
3894,1298,3,2
3895,1299,27,1
3896,1299,35,4
3897,1299,49,5
3898,1300,47,5
3899,1300,11,2
3900,1300,7,1
3901,1301,23,2
3902,1301,6,4
3903,1301,5,1
3904,1302,31,4
3905,1302,27,5
3906,1302,29,2
3907,1303,39,1
3908,1303,20,4
3909,1303,31,3
3910,1304,9,3
3911,1304,43,5
3912,1304,24,5
3913,1305,43,1
3914,1305,31,4
3915,1305,48,5
3916,1306,13,2
3917,1306,15,5
3918,1306,9,2
3919,1307,15,1
3920,1307,48,1
3921,1307,46,4
3922,1308,19,5
3923,1308,7,2
3924,1308,15,3
3925,1309,12,3
3926,1309,22,4
3927,1309,43,5
3928,1310,34,5
3929,1310,37,3
3930,1310,49,2
3931,1311,21,4
3932,1311,24,2
3933,1311,38,1
3934,1312,48,4
3935,1312,41,1
3936,1312,13,2
3937,1313,1,2
3938,1313,41,1
3939,1313,16,2
3940,1314,26,3
3941,1314,1,5
3942,1314,31,4
3943,1315,23,2
3944,1315,41,5
3945,1315,26,4
3946,1316,14,4
3947,1316,40,3
3948,1316,35,4
3949,1317,8,3
3950,1317,42,5
3951,1317,22,3
3952,1318,12,3
3953,1318,22,4
3954,1318,50,5
3955,1319,30,1
3956,1319,43,3
3957,1319,49,5
3958,1320,17,1
3959,1320,24,4
3960,1320,42,1
3961,1321,35,2
3962,1321,7,2
3963,1321,30,1
3964,1322,8,5
3965,1322,46,3
3966,1322,9,3
3967,1323,20,4
3968,1323,28,5
3969,1323,6,5
3970,1324,12,4
3971,1324,33,2
3972,1324,10,2
3973,1325,50,1
3974,1325,13,3
3975,1325,34,5
3976,1326,50,2
3977,1326,37,5
3978,1326,34,1
3979,1327,35,3
3980,1327,35,2
3981,1327,45,5
3982,1328,11,3
3983,1328,11,1
3984,1328,44,2
3985,1329,41,5
3986,1329,15,2
3987,1329,35,5
3988,1330,28,2
3989,1330,18,1
3990,1330,26,3
3991,1331,25,5
3992,1331,27,4
3993,1331,30,3
3994,1332,9,3
3995,1332,1,1
3996,1332,17,5
3997,1333,43,3
3998,1333,14,5
3999,1333,39,1
4000,1334,4,4
4001,1334,9,2
4002,1334,31,2
4003,1335,49,2
4004,1335,26,2
4005,1335,42,4
4006,1336,26,5
4007,1336,13,2
4008,1336,23,1
4009,1337,15,3
4010,1337,9,4
4011,1337,8,5
4012,1338,44,2
4013,1338,14,4
4014,1338,10,3
4015,1339,49,3
4016,1339,1,1
4017,1339,34,3
4018,1340,34,1
4019,1340,50,5
4020,1340,31,2
4021,1341,43,4
4022,1341,20,1
4023,1341,35,5
4024,1342,30,2
4025,1342,5,3
4026,1342,18,1
4027,1343,25,3
4028,1343,8,4
4029,1343,28,5
4030,1344,11,4
4031,1344,49,3
4032,1344,15,5
4033,1345,7,1
4034,1345,47,5
4035,1345,39,3
4036,1346,16,4
4037,1346,45,4
4038,1346,27,1
4039,1347,41,1
4040,1347,50,3
4041,1347,47,3
4042,1348,17,5
4043,1348,22,4
4044,1348,43,3
4045,1349,23,1
4046,1349,1,1
4047,1349,46,4
4048,1350,16,5
4049,1350,32,2
4050,1350,38,4
4051,1351,43,3
4052,1351,7,4
4053,1351,36,5
4054,1352,37,4
4055,1352,39,5
4056,1352,43,4
4057,1353,3,5
4058,1353,7,5
4059,1353,42,1
4060,1354,37,1
4061,1354,8,2
4062,1354,24,5
4063,1355,44,5
4064,1355,27,4
4065,1355,46,1
4066,1356,23,4
4067,1356,30,5
4068,1356,34,1
4069,1357,26,4
4070,1357,43,1
4071,1357,14,5
4072,1358,12,1
4073,1358,41,3
4074,1358,7,3
4075,1359,27,1
4076,1359,47,4
4077,1359,17,3
4078,1360,44,3
4079,1360,23,2
4080,1360,18,4
4081,1361,4,3
4082,1361,30,3
4083,1361,50,2
4084,1362,14,5
4085,1362,50,5
4086,1362,42,3
4087,1363,48,4
4088,1363,49,3
4089,1363,50,2
4090,1364,32,1
4091,1364,22,3
4092,1364,40,5
4093,1365,48,2
4094,1365,21,3
4095,1365,7,1
4096,1366,41,4
4097,1366,21,5
4098,1366,32,2
4099,1367,49,4
4100,1367,13,3
4101,1367,46,4
4102,1368,23,3
4103,1368,29,3
4104,1368,49,2
4105,1369,11,3
4106,1369,2,1
4107,1369,13,5
4108,1370,20,5
4109,1370,45,5
4110,1370,19,5
4111,1371,35,2
4112,1371,26,5
4113,1371,45,1
4114,1372,13,1
4115,1372,6,5
4116,1372,43,4
4117,1373,17,2
4118,1373,46,3
4119,1373,35,3
4120,1374,26,2
4121,1374,25,1
4122,1374,48,3
4123,1375,40,5
4124,1375,6,3
4125,1375,15,4
4126,1376,3,2
4127,1376,36,2
4128,1376,43,3
4129,1377,2,4
4130,1377,15,2
4131,1377,16,2
4132,1378,29,2
4133,1378,10,1
4134,1378,19,2
4135,1379,2,5
4136,1379,31,4
4137,1379,27,5
4138,1380,36,5
4139,1380,13,4
4140,1380,12,5
4141,1381,38,4
4142,1381,41,5
4143,1381,25,3
4144,1382,46,3
4145,1382,17,4
4146,1382,24,3
4147,1383,16,3
4148,1383,35,3
4149,1383,5,2
4150,1384,21,2
4151,1384,35,5
4152,1384,9,1
4153,1385,33,4
4154,1385,35,3
4155,1385,7,5
4156,1386,15,3
4157,1386,46,5
4158,1386,15,4
4159,1387,18,5
4160,1387,4,4
4161,1387,40,4
4162,1388,32,5
4163,1388,28,1
4164,1388,11,1
4165,1389,36,4
4166,1389,36,1
4167,1389,23,4
4168,1390,46,2
4169,1390,5,3
4170,1390,5,3
4171,1391,37,3
4172,1391,47,1
4173,1391,46,5
4174,1392,32,4
4175,1392,46,2
4176,1392,26,2
4177,1393,43,4
4178,1393,20,5
4179,1393,45,3
4180,1394,22,2
4181,1394,37,5
4182,1394,27,2
4183,1395,50,5
4184,1395,44,5
4185,1395,21,1
4186,1396,40,1
4187,1396,46,3
4188,1396,38,1
4189,1397,50,1
4190,1397,40,1
4191,1397,34,4
4192,1398,47,2
4193,1398,47,2
4194,1398,16,5
4195,1399,50,2
4196,1399,12,1
4197,1399,42,4
4198,1400,47,1
4199,1400,22,1
4200,1400,7,4
4201,1401,37,4
4202,1401,27,4
4203,1401,45,4
4204,1402,9,3
4205,1402,12,1
4206,1402,20,3
4207,1403,12,4
4208,1403,17,4
4209,1403,6,2
4210,1404,17,4
4211,1404,13,2
4212,1404,23,1
4213,1405,22,4
4214,1405,49,1
4215,1405,34,3
4216,1406,2,5
4217,1406,4,5
4218,1406,4,3
4219,1407,7,2
4220,1407,1,5
4221,1407,1,1
4222,1408,21,4
4223,1408,20,1
4224,1408,37,5
4225,1409,24,1
4226,1409,12,2
4227,1409,41,5
4228,1410,32,2
4229,1410,35,2
4230,1410,23,1
4231,1411,44,2
4232,1411,39,3
4233,1411,37,2
4234,1412,29,2
4235,1412,33,2
4236,1412,29,1
4237,1413,40,1
4238,1413,35,1
4239,1413,20,3
4240,1414,7,3
4241,1414,44,2
4242,1414,38,5
4243,1415,11,1
4244,1415,32,2
4245,1415,39,2
4246,1416,40,3
4247,1416,30,5
4248,1416,25,4
4249,1417,8,5
4250,1417,5,3
4251,1417,16,3
4252,1418,10,2
4253,1418,32,2
4254,1418,26,1
4255,1419,23,1
4256,1419,31,5
4257,1419,7,5
4258,1420,6,3
4259,1420,34,5
4260,1420,37,5
4261,1421,34,4
4262,1421,49,5
4263,1421,42,2
4264,1422,19,3
4265,1422,9,4
4266,1422,49,2
4267,1423,19,4
4268,1423,26,4
4269,1423,25,1
4270,1424,32,1
4271,1424,32,1
4272,1424,21,5
4273,1425,31,5
4274,1425,25,3
4275,1425,32,3
4276,1426,50,1
4277,1426,34,1
4278,1426,13,1
4279,1427,20,5
4280,1427,48,5
4281,1427,35,2
4282,1428,42,3
4283,1428,48,1
4284,1428,35,1
4285,1429,4,3
4286,1429,25,2
4287,1429,23,5
4288,1430,4,4
4289,1430,48,5
4290,1430,34,2
4291,1431,33,3
4292,1431,44,1
4293,1431,14,1
4294,1432,30,2
4295,1432,15,3
4296,1432,5,2
4297,1433,32,2
4298,1433,37,5
4299,1433,1,1
4300,1434,25,2
4301,1434,45,1
4302,1434,19,1
4303,1435,16,3
4304,1435,12,4
4305,1435,15,3
4306,1436,26,1
4307,1436,10,2
4308,1436,39,2
4309,1437,40,3
4310,1437,28,5
4311,1437,46,3
4312,1438,14,3
4313,1438,27,1
4314,1438,27,4
4315,1439,25,3
4316,1439,13,4
4317,1439,17,5
4318,1440,1,4
4319,1440,3,4
4320,1440,9,2
4321,1441,5,1
4322,1441,8,2
4323,1441,32,1
4324,1442,12,5
4325,1442,21,2
4326,1442,48,3
4327,1443,44,4
4328,1443,19,5
4329,1443,19,3
4330,1444,37,3
4331,1444,7,1
4332,1444,26,2
4333,1445,6,5
4334,1445,32,2
4335,1445,9,5
4336,1446,3,4
4337,1446,31,1
4338,1446,8,2
4339,1447,3,4
4340,1447,12,1
4341,1447,49,1
4342,1448,16,4
4343,1448,40,3
4344,1448,29,2
4345,1449,29,5
4346,1449,50,1
4347,1449,43,5
4348,1450,50,2
4349,1450,50,2
4350,1450,47,3
4351,1451,3,5
4352,1451,1,2
4353,1451,22,3
4354,1452,12,3
4355,1452,30,2
4356,1452,42,1
4357,1453,26,4
4358,1453,10,3
4359,1453,33,1
4360,1454,15,2
4361,1454,41,2
4362,1454,22,4
4363,1455,2,4
4364,1455,5,2
4365,1455,39,5
4366,1456,19,5
4367,1456,11,2
4368,1456,36,3
4369,1457,4,1
4370,1457,44,1
4371,1457,27,5
4372,1458,35,1
4373,1458,40,2
4374,1458,47,3
4375,1459,24,1
4376,1459,10,1
4377,1459,44,2
4378,1460,1,4
4379,1460,1,5
4380,1460,4,4
4381,1461,50,5
4382,1461,8,2
4383,1461,49,1
4384,1462,37,5
4385,1462,5,1
4386,1462,42,4
4387,1463,37,4
4388,1463,19,5
4389,1463,25,4
4390,1464,48,2
4391,1464,44,4
4392,1464,40,3
4393,1465,23,4
4394,1465,31,2
4395,1465,30,5
4396,1466,24,2
4397,1466,10,3
4398,1466,41,2
4399,1467,25,3
4400,1467,11,3
4401,1467,48,1
4402,1468,28,3
4403,1468,10,1
4404,1468,30,4
4405,1469,46,5
4406,1469,15,4
4407,1469,9,3
4408,1470,14,4
4409,1470,27,4
4410,1470,30,4
4411,1471,29,4
4412,1471,30,3
4413,1471,22,3
4414,1472,43,4
4415,1472,9,5
4416,1472,14,2
4417,1473,14,2
4418,1473,37,2
4419,1473,47,5
4420,1474,24,4
4421,1474,36,4
4422,1474,24,3
4423,1475,14,4
4424,1475,10,4
4425,1475,7,5
4426,1476,42,4
4427,1476,20,5
4428,1476,27,1
4429,1477,13,2
4430,1477,22,5
4431,1477,11,4
4432,1478,34,4
4433,1478,12,4
4434,1478,2,2
4435,1479,25,5
4436,1479,43,2
4437,1479,18,5
4438,1480,50,2
4439,1480,42,4
4440,1480,37,2
4441,1481,10,4
4442,1481,21,4
4443,1481,16,2
4444,1482,49,4
4445,1482,21,5
4446,1482,49,5
4447,1483,34,1
4448,1483,44,1
4449,1483,5,1
4450,1484,2,1
4451,1484,4,3
4452,1484,6,3
4453,1485,23,2
4454,1485,48,2
4455,1485,14,3
4456,1486,5,3
4457,1486,40,3
4458,1486,38,4
4459,1487,31,3
4460,1487,46,2
4461,1487,19,3
4462,1488,7,5
4463,1488,11,2
4464,1488,11,4
4465,1489,8,5
4466,1489,40,4
4467,1489,11,5
4468,1490,36,4
4469,1490,45,3
4470,1490,45,2
4471,1491,8,2
4472,1491,29,1
4473,1491,49,1
4474,1492,9,4
4475,1492,31,4
4476,1492,31,2
4477,1493,50,1
4478,1493,38,3
4479,1493,29,5
4480,1494,37,2
4481,1494,29,1
4482,1494,32,5
4483,1495,23,3
4484,1495,6,3
4485,1495,5,2
4486,1496,9,5
4487,1496,20,4
4488,1496,10,1
4489,1497,43,2
4490,1497,41,3
4491,1497,19,1
4492,1498,23,5
4493,1498,32,1
4494,1498,40,5
4495,1499,27,2
4496,1499,24,3
4497,1499,13,5
4498,1500,18,5
4499,1500,2,4
4500,1500,21,2
4501,1501,4,2
4502,1501,45,3
4503,1501,17,4
4504,1502,28,3
4505,1502,3,3
4506,1502,48,4
4507,1503,43,1
4508,1503,22,5
4509,1503,3,2
4510,1504,40,1
4511,1504,48,5
4512,1504,2,3
4513,1505,25,2
4514,1505,31,4
4515,1505,25,1
4516,1506,45,3
4517,1506,45,4
4518,1506,22,3
4519,1507,33,4
4520,1507,27,3
4521,1507,9,3
4522,1508,47,3
4523,1508,36,2
4524,1508,32,3
4525,1509,18,1
4526,1509,29,1
4527,1509,43,3
4528,1510,33,1
4529,1510,2,2
4530,1510,49,1
4531,1511,16,1
4532,1511,12,3
4533,1511,5,2
4534,1512,37,2
4535,1512,50,1
4536,1512,5,1
4537,1513,47,1
4538,1513,48,3
4539,1513,40,1
4540,1514,10,5
4541,1514,41,4
4542,1514,41,3
4543,1515,43,1
4544,1515,40,1
4545,1515,4,2
4546,1516,13,1
4547,1516,12,1
4548,1516,46,1
4549,1517,1,4
4550,1517,44,2
4551,1517,14,1
4552,1518,46,1
4553,1518,25,3
4554,1518,41,5
4555,1519,13,4
4556,1519,13,4
4557,1519,39,2
4558,1520,31,3
4559,1520,47,5
4560,1520,4,4
4561,1521,12,5
4562,1521,1,1
4563,1521,12,2
4564,1522,17,2
4565,1522,35,5
4566,1522,13,1
4567,1523,45,1
4568,1523,13,2
4569,1523,21,2
4570,1524,11,4
4571,1524,41,5
4572,1524,19,5
4573,1525,27,5
4574,1525,41,3
4575,1525,14,4
4576,1526,17,3
4577,1526,48,2
4578,1526,34,1
4579,1527,42,3
4580,1527,19,2
4581,1527,5,1
4582,1528,5,4
4583,1528,23,1
4584,1528,40,4
4585,1529,6,4
4586,1529,1,1
4587,1529,21,5
4588,1530,50,3
4589,1530,45,5
4590,1530,44,1
4591,1531,37,3
4592,1531,47,3
4593,1531,29,3
4594,1532,48,4
4595,1532,24,4
4596,1532,20,4
4597,1533,21,5
4598,1533,48,2
4599,1533,15,5
4600,1534,11,1
4601,1534,45,3
4602,1534,27,4
4603,1535,30,3
4604,1535,26,4
4605,1535,30,4
4606,1536,10,2
4607,1536,48,4
4608,1536,27,1
4609,1537,9,3
4610,1537,25,2
4611,1537,26,3
4612,1538,1,4
4613,1538,43,2
4614,1538,10,5
4615,1539,12,2
4616,1539,7,1
4617,1539,26,4
4618,1540,10,3
4619,1540,22,2
4620,1540,2,4
4621,1541,26,2
4622,1541,20,5
4623,1541,18,2
4624,1542,13,4
4625,1542,39,4
4626,1542,28,4
4627,1543,11,4
4628,1543,43,1
4629,1543,23,1
4630,1544,5,3
4631,1544,46,4
4632,1544,39,3
4633,1545,10,2
4634,1545,34,4
4635,1545,14,4
4636,1546,32,1
4637,1546,20,2
4638,1546,22,3
4639,1547,44,5
4640,1547,28,5
4641,1547,8,5
4642,1548,9,5
4643,1548,19,3
4644,1548,47,3
4645,1549,45,2
4646,1549,24,5
4647,1549,31,1
4648,1550,2,4
4649,1550,24,4
4650,1550,16,2
4651,1551,21,2
4652,1551,21,4
4653,1551,18,5
4654,1552,22,5
4655,1552,22,2
4656,1552,9,3
4657,1553,41,5
4658,1553,15,5
4659,1553,40,2
4660,1554,16,4
4661,1554,37,4
4662,1554,2,3
4663,1555,33,1
4664,1555,25,2
4665,1555,40,3
4666,1556,6,5
4667,1556,32,4
4668,1556,39,3
4669,1557,5,4
4670,1557,25,2
4671,1557,50,3
4672,1558,46,2
4673,1558,24,1
4674,1558,31,2
4675,1559,15,1
4676,1559,21,3
4677,1559,40,4
4678,1560,36,2
4679,1560,18,3
4680,1560,32,3
4681,1561,39,5
4682,1561,13,2
4683,1561,39,5
4684,1562,8,3
4685,1562,47,1
4686,1562,48,2
4687,1563,34,5
4688,1563,19,2
4689,1563,25,4
4690,1564,45,1
4691,1564,20,3
4692,1564,14,2
4693,1565,19,1
4694,1565,2,4
4695,1565,6,3
4696,1566,30,2
4697,1566,29,4
4698,1566,36,2
4699,1567,39,4
4700,1567,49,3
4701,1567,7,3
4702,1568,30,3
4703,1568,13,5
4704,1568,30,3
4705,1569,11,5
4706,1569,9,3
4707,1569,2,1
4708,1570,4,3
4709,1570,36,4
4710,1570,24,2
4711,1571,21,4
4712,1571,36,1
4713,1571,41,4
4714,1572,42,3
4715,1572,26,2
4716,1572,21,5
4717,1573,49,1
4718,1573,42,3
4719,1573,21,5
4720,1574,49,5
4721,1574,3,5
4722,1574,4,2
4723,1575,32,1
4724,1575,5,2
4725,1575,10,1
4726,1576,34,2
4727,1576,46,2
4728,1576,6,3
4729,1577,23,3
4730,1577,6,4
4731,1577,22,1
4732,1578,32,4
4733,1578,35,1
4734,1578,34,4
4735,1579,42,4
4736,1579,45,2
4737,1579,36,1
4738,1580,14,4
4739,1580,11,1
4740,1580,49,3
4741,1581,15,2
4742,1581,4,5
4743,1581,2,1
4744,1582,42,2
4745,1582,31,1
4746,1582,3,2
4747,1583,49,2
4748,1583,10,2
4749,1583,33,3
4750,1584,21,4
4751,1584,49,4
4752,1584,2,5
4753,1585,49,3
4754,1585,32,1
4755,1585,43,4
4756,1586,36,1
4757,1586,3,2
4758,1586,38,1
4759,1587,14,2
4760,1587,38,4
4761,1587,1,3
4762,1588,45,1
4763,1588,38,3
4764,1588,33,2
4765,1589,26,2
4766,1589,10,5
4767,1589,1,5
4768,1590,19,3
4769,1590,36,3
4770,1590,33,4
4771,1591,11,2
4772,1591,49,5
4773,1591,17,3
4774,1592,13,3
4775,1592,17,4
4776,1592,8,3
4777,1593,29,1
4778,1593,29,5
4779,1593,42,5
4780,1594,50,4
4781,1594,14,2
4782,1594,8,1
4783,1595,25,1
4784,1595,48,2
4785,1595,13,5
4786,1596,48,3
4787,1596,45,2
4788,1596,38,3
4789,1597,24,4
4790,1597,4,2
4791,1597,37,3
4792,1598,14,5
4793,1598,2,3
4794,1598,1,2
4795,1599,12,3
4796,1599,14,4
4797,1599,47,4
4798,1600,47,3
4799,1600,30,4
4800,1600,39,2
4801,1601,32,4
4802,1601,36,5
4803,1601,19,2
4804,1602,5,5
4805,1602,7,1
4806,1602,2,5
4807,1603,4,1
4808,1603,18,1
4809,1603,20,4
4810,1604,25,5
4811,1604,11,1
4812,1604,4,3
4813,1605,14,2
4814,1605,28,3
4815,1605,5,3
4816,1606,27,1
4817,1606,20,1
4818,1606,8,3
4819,1607,10,3
4820,1607,30,2
4821,1607,8,1
4822,1608,31,2
4823,1608,1,1
4824,1608,6,2
4825,1609,30,5
4826,1609,45,5
4827,1609,18,3
4828,1610,2,5
4829,1610,31,1
4830,1610,47,2
4831,1611,14,1
4832,1611,26,4
4833,1611,2,1
4834,1612,32,4
4835,1612,30,4
4836,1612,12,1
4837,1613,37,1
4838,1613,43,1
4839,1613,50,3
4840,1614,46,3
4841,1614,47,4
4842,1614,13,3
4843,1615,2,3
4844,1615,13,2
4845,1615,45,4
4846,1616,1,1
4847,1616,37,4
4848,1616,36,4
4849,1617,15,1
4850,1617,19,3
4851,1617,6,5
4852,1618,24,4
4853,1618,31,5
4854,1618,11,3
4855,1619,43,3
4856,1619,47,5
4857,1619,35,2
4858,1620,21,3
4859,1620,27,2
4860,1620,38,4
4861,1621,24,4
4862,1621,23,3
4863,1621,10,4
4864,1622,44,5
4865,1622,27,3
4866,1622,28,1
4867,1623,39,3
4868,1623,9,3
4869,1623,23,4
4870,1624,29,5
4871,1624,44,2
4872,1624,3,3
4873,1625,33,2
4874,1625,39,3
4875,1625,35,2
4876,1626,37,2
4877,1626,14,4
4878,1626,6,4
4879,1627,8,5
4880,1627,35,1
4881,1627,34,1
4882,1628,37,1
4883,1628,17,5
4884,1628,43,2
4885,1629,48,2
4886,1629,44,3
4887,1629,32,1
4888,1630,21,3
4889,1630,36,4
4890,1630,34,4
4891,1631,15,5
4892,1631,23,4
4893,1631,45,1
4894,1632,15,4
4895,1632,10,2
4896,1632,46,1
4897,1633,33,1
4898,1633,32,2
4899,1633,5,3
4900,1634,16,4
4901,1634,20,2
4902,1634,35,1
4903,1635,13,1
4904,1635,2,1
4905,1635,19,1
4906,1636,14,2
4907,1636,50,1
4908,1636,5,3
4909,1637,29,1
4910,1637,28,3
4911,1637,43,4
4912,1638,1,5
4913,1638,20,3
4914,1638,25,3
4915,1639,14,3
4916,1639,28,5
4917,1639,38,4
4918,1640,41,5
4919,1640,38,1
4920,1640,44,4
4921,1641,3,4
4922,1641,21,3
4923,1641,2,3
4924,1642,45,4
4925,1642,25,5
4926,1642,50,1
4927,1643,28,5
4928,1643,40,3
4929,1643,44,4
4930,1644,2,4
4931,1644,3,4
4932,1644,49,1
4933,1645,31,3
4934,1645,35,1
4935,1645,6,2
4936,1646,47,1
4937,1646,30,4
4938,1646,48,3
4939,1647,16,5
4940,1647,31,1
4941,1647,21,3
4942,1648,36,4
4943,1648,14,5
4944,1648,27,1
4945,1649,1,2
4946,1649,38,1
4947,1649,33,4
4948,1650,5,5
4949,1650,12,4
4950,1650,18,5
4951,1651,25,5
4952,1651,42,1
4953,1651,17,5
4954,1652,8,5
4955,1652,32,2
4956,1652,29,3
4957,1653,11,1
4958,1653,19,5
4959,1653,22,4
4960,1654,8,2
4961,1654,5,2
4962,1654,31,4
4963,1655,16,1
4964,1655,25,2
4965,1655,50,4
4966,1656,3,3
4967,1656,12,2
4968,1656,22,5
4969,1657,32,2
4970,1657,46,4
4971,1657,45,1
4972,1658,7,2
4973,1658,9,2
4974,1658,48,5
4975,1659,37,1
4976,1659,29,4
4977,1659,24,4
4978,1660,2,5
4979,1660,45,3
4980,1660,41,5
4981,1661,7,4
4982,1661,31,1
4983,1661,18,4
4984,1662,36,4
4985,1662,5,1
4986,1662,6,3
4987,1663,43,3
4988,1663,31,4
4989,1663,33,2
4990,1664,9,1
4991,1664,2,2
4992,1664,6,5
4993,1665,12,2
4994,1665,29,5
4995,1665,24,5
4996,1666,17,4
4997,1666,5,2
4998,1666,38,4
4999,1667,8,5
5000,1667,3,2
5001,1667,13,2
5002,1668,20,2
5003,1668,48,4
5004,1668,1,3
5005,1669,4,5
5006,1669,1,1
5007,1669,34,3
5008,1670,38,5
5009,1670,1,3
5010,1670,9,3
5011,1671,16,4
5012,1671,14,2
5013,1671,43,4
5014,1672,31,4
5015,1672,14,1
5016,1672,12,4
5017,1673,36,5
5018,1673,5,2
5019,1673,43,2
5020,1674,33,2
5021,1674,49,1
5022,1674,31,5
5023,1675,5,5
5024,1675,11,2
5025,1675,41,4
5026,1676,41,3
5027,1676,15,3
5028,1676,27,1
5029,1677,49,4
5030,1677,3,3
5031,1677,50,4
5032,1678,2,2
5033,1678,43,3
5034,1678,26,4
5035,1679,39,2
5036,1679,48,2
5037,1679,31,5
5038,1680,33,4
5039,1680,42,2
5040,1680,16,5
5041,1681,34,3
5042,1681,32,1
5043,1681,28,5
5044,1682,2,4
5045,1682,5,5
5046,1682,6,2
5047,1683,50,1
5048,1683,24,3
5049,1683,26,3
5050,1684,30,3
5051,1684,20,5
5052,1684,39,3
5053,1685,20,4
5054,1685,33,4
5055,1685,25,5
5056,1686,45,5
5057,1686,44,5
5058,1686,39,5
5059,1687,9,4
5060,1687,22,1
5061,1687,45,4
5062,1688,22,5
5063,1688,34,5
5064,1688,41,1
5065,1689,17,3
5066,1689,18,3
5067,1689,39,5
5068,1690,15,3
5069,1690,21,2
5070,1690,37,2
5071,1691,23,3
5072,1691,13,3
5073,1691,34,4
5074,1692,18,3
5075,1692,39,4
5076,1692,43,2
5077,1693,50,5
5078,1693,9,3
5079,1693,13,3
5080,1694,46,5
5081,1694,36,3
5082,1694,14,4
5083,1695,38,5
5084,1695,12,1
5085,1695,47,3
5086,1696,41,2
5087,1696,14,5
5088,1696,41,3
5089,1697,12,4
5090,1697,24,2
5091,1697,26,4
5092,1698,46,3
5093,1698,37,4
5094,1698,35,3
5095,1699,10,3
5096,1699,39,1
5097,1699,17,1
5098,1700,25,5
5099,1700,26,1
5100,1700,5,2
5101,1701,17,4
5102,1701,30,5
5103,1701,38,3
5104,1702,33,5
5105,1702,27,2
5106,1702,18,1
5107,1703,28,4
5108,1703,39,1
5109,1703,31,4
5110,1704,25,3
5111,1704,8,2
5112,1704,12,1
5113,1705,24,1
5114,1705,3,1
5115,1705,18,1
5116,1706,36,5
5117,1706,18,2
5118,1706,7,4
5119,1707,14,1
5120,1707,43,5
5121,1707,4,1
5122,1708,8,3
5123,1708,40,3
5124,1708,19,4
5125,1709,16,2
5126,1709,15,5
5127,1709,39,5
5128,1710,49,3
5129,1710,36,3
5130,1710,16,2
5131,1711,2,5
5132,1711,38,3
5133,1711,49,2
5134,1712,11,4
5135,1712,14,5
5136,1712,40,1
5137,1713,11,1
5138,1713,37,5
5139,1713,18,4
5140,1714,8,1
5141,1714,16,4
5142,1714,15,2
5143,1715,30,5
5144,1715,11,2
5145,1715,15,3
5146,1716,7,1
5147,1716,16,3
5148,1716,28,5
5149,1717,39,4
5150,1717,29,2
5151,1717,15,1
5152,1718,6,4
5153,1718,46,4
5154,1718,29,2
5155,1719,48,4
5156,1719,40,4
5157,1719,2,5
5158,1720,49,3
5159,1720,14,4
5160,1720,28,5
5161,1721,22,3
5162,1721,2,4
5163,1721,33,5
5164,1722,25,4
5165,1722,39,2
5166,1722,24,2
5167,1723,46,1
5168,1723,39,4
5169,1723,11,4
5170,1724,14,2
5171,1724,21,3
5172,1724,26,3
5173,1725,16,3
5174,1725,15,4
5175,1725,39,4
5176,1726,2,5
5177,1726,16,1
5178,1726,29,1
5179,1727,25,5
5180,1727,23,3
5181,1727,25,1
5182,1728,32,4
5183,1728,47,4
5184,1728,28,1
5185,1729,28,3
5186,1729,23,2
5187,1729,18,3
5188,1730,17,4
5189,1730,11,2
5190,1730,15,5
5191,1731,42,5
5192,1731,39,5
5193,1731,13,1
5194,1732,25,3
5195,1732,4,2
5196,1732,6,2
5197,1733,6,5
5198,1733,45,5
5199,1733,4,3
5200,1734,6,5
5201,1734,17,4
5202,1734,10,3
5203,1735,10,4
5204,1735,18,2
5205,1735,15,4
5206,1736,20,2
5207,1736,34,1
5208,1736,15,1
5209,1737,40,1
5210,1737,37,2
5211,1737,19,5
5212,1738,31,4
5213,1738,11,2
5214,1738,2,2
5215,1739,39,1
5216,1739,5,1
5217,1739,18,2
5218,1740,35,1
5219,1740,50,4
5220,1740,36,3
5221,1741,47,2
5222,1741,10,5
5223,1741,12,2
5224,1742,1,3
5225,1742,11,3
5226,1742,33,1
5227,1743,33,5
5228,1743,4,4
5229,1743,9,2
5230,1744,4,4
5231,1744,10,2
5232,1744,16,5
5233,1745,24,5
5234,1745,18,4
5235,1745,16,4
5236,1746,12,1
5237,1746,46,2
5238,1746,11,5
5239,1747,49,1
5240,1747,5,4
5241,1747,9,1
5242,1748,19,4
5243,1748,34,4
5244,1748,44,4
5245,1749,36,5
5246,1749,47,4
5247,1749,34,4
5248,1750,42,5
5249,1750,23,5
5250,1750,37,4
5251,1751,49,3
5252,1751,34,4
5253,1751,11,5
5254,1752,32,2
5255,1752,3,2
5256,1752,5,5
5257,1753,24,3
5258,1753,8,5
5259,1753,27,4
5260,1754,25,3
5261,1754,24,1
5262,1754,21,4
5263,1755,13,1
5264,1755,14,4
5265,1755,50,2
5266,1756,29,5
5267,1756,49,2
5268,1756,42,3
5269,1757,26,2
5270,1757,10,1
5271,1757,15,4
5272,1758,17,4
5273,1758,26,4
5274,1758,46,4
5275,1759,24,2
5276,1759,30,2
5277,1759,27,1
5278,1760,16,2
5279,1760,41,1
5280,1760,19,3
5281,1761,4,3
5282,1761,30,4
5283,1761,42,4
5284,1762,5,5
5285,1762,19,3
5286,1762,33,5
5287,1763,31,1
5288,1763,31,1
5289,1763,23,3
5290,1764,13,3
5291,1764,33,2
5292,1764,1,1
5293,1765,10,5
5294,1765,18,1
5295,1765,2,5
5296,1766,14,5
5297,1766,24,1
5298,1766,29,4
5299,1767,22,5
5300,1767,30,3
5301,1767,40,3
5302,1768,19,3
5303,1768,4,5
5304,1768,38,1
5305,1769,29,4
5306,1769,28,5
5307,1769,3,5
5308,1770,47,5
5309,1770,33,1
5310,1770,10,4
5311,1771,22,4
5312,1771,47,3
5313,1771,10,2
5314,1772,49,2
5315,1772,6,5
5316,1772,25,3
5317,1773,26,2
5318,1773,3,1
5319,1773,20,1
5320,1774,9,2
5321,1774,27,5
5322,1774,13,4
5323,1775,10,4
5324,1775,36,5
5325,1775,17,2
5326,1776,1,1
5327,1776,11,1
5328,1776,17,4
5329,1777,5,2
5330,1777,30,2
5331,1777,44,4
5332,1778,8,1
5333,1778,43,4
5334,1778,22,5
5335,1779,47,3
5336,1779,31,3
5337,1779,37,5
5338,1780,36,3
5339,1780,41,3
5340,1780,34,2
5341,1781,43,5
5342,1781,34,3
5343,1781,39,2
5344,1782,15,1
5345,1782,28,4
5346,1782,18,3
5347,1783,33,3
5348,1783,32,4
5349,1783,4,5
5350,1784,20,3
5351,1784,7,2
5352,1784,36,2
5353,1785,15,2
5354,1785,30,2
5355,1785,7,5
5356,1786,33,3
5357,1786,27,4
5358,1786,27,5
5359,1787,22,3
5360,1787,6,2
5361,1787,11,5
5362,1788,31,1
5363,1788,50,3
5364,1788,4,4
5365,1789,26,4
5366,1789,10,4
5367,1789,31,1
5368,1790,22,3
5369,1790,8,3
5370,1790,16,4
5371,1791,32,4
5372,1791,38,2
5373,1791,26,4
5374,1792,16,3
5375,1792,16,5
5376,1792,11,3
5377,1793,11,5
5378,1793,21,5
5379,1793,25,1
5380,1794,7,1
5381,1794,6,1
5382,1794,10,5
5383,1795,28,4
5384,1795,6,2
5385,1795,4,1
5386,1796,31,2
5387,1796,3,2
5388,1796,19,3
5389,1797,44,3
5390,1797,43,5
5391,1797,6,1
5392,1798,11,3
5393,1798,22,1
5394,1798,3,5
5395,1799,6,1
5396,1799,40,1
5397,1799,13,2
5398,1800,26,4
5399,1800,7,3
5400,1800,38,3
5401,1801,40,5
5402,1801,5,5
5403,1801,19,2
5404,1802,5,4
5405,1802,39,3
5406,1802,11,5
5407,1803,7,4
5408,1803,39,2
5409,1803,45,3
5410,1804,3,4
5411,1804,22,2
5412,1804,45,4
5413,1805,29,3
5414,1805,33,3
5415,1805,19,4
5416,1806,27,2
5417,1806,20,3
5418,1806,14,2
5419,1807,30,2
5420,1807,46,2
5421,1807,3,1
5422,1808,4,5
5423,1808,8,2
5424,1808,7,4
5425,1809,9,2
5426,1809,47,1
5427,1809,19,3
5428,1810,45,3
5429,1810,38,2
5430,1810,46,4
5431,1811,28,4
5432,1811,8,5
5433,1811,47,5
5434,1812,20,2
5435,1812,31,1
5436,1812,24,2
5437,1813,26,2
5438,1813,23,1
5439,1813,4,1
5440,1814,17,4
5441,1814,12,4
5442,1814,30,4
5443,1815,46,3
5444,1815,29,2
5445,1815,21,4
5446,1816,43,3
5447,1816,49,5
5448,1816,45,2
5449,1817,1,2
5450,1817,17,4
5451,1817,6,4
5452,1818,22,2
5453,1818,3,2
5454,1818,16,5
5455,1819,39,4
5456,1819,18,2
5457,1819,47,2
5458,1820,27,1
5459,1820,50,1
5460,1820,41,3
5461,1821,46,3
5462,1821,40,3
5463,1821,22,1
5464,1822,7,4
5465,1822,50,5
5466,1822,13,2
5467,1823,10,3
5468,1823,44,5
5469,1823,18,5
5470,1824,26,5
5471,1824,38,5
5472,1824,40,2
5473,1825,28,1
5474,1825,30,5
5475,1825,36,3
5476,1826,35,4
5477,1826,3,3
5478,1826,22,1
5479,1827,27,5
5480,1827,41,1
5481,1827,31,4
5482,1828,30,5
5483,1828,37,2
5484,1828,21,5
5485,1829,15,4
5486,1829,17,3
5487,1829,42,1
5488,1830,15,5
5489,1830,17,4
5490,1830,17,1
5491,1831,34,2
5492,1831,3,2
5493,1831,29,2
5494,1832,26,1
5495,1832,28,1
5496,1832,5,3
5497,1833,35,5
5498,1833,27,1
5499,1833,33,3
5500,1834,50,5
5501,1834,43,1
5502,1834,32,5
5503,1835,14,5
5504,1835,43,5
5505,1835,19,1
5506,1836,16,4
5507,1836,36,3
5508,1836,12,5
5509,1837,42,2
5510,1837,1,4
5511,1837,6,3
5512,1838,42,2
5513,1838,31,1
5514,1838,7,2
5515,1839,48,3
5516,1839,11,3
5517,1839,43,3
5518,1840,27,2
5519,1840,28,2
5520,1840,47,2
5521,1841,24,1
5522,1841,49,3
5523,1841,20,5
5524,1842,45,5
5525,1842,41,1
5526,1842,5,2
5527,1843,8,1
5528,1843,16,1
5529,1843,50,3
5530,1844,12,1
5531,1844,49,4
5532,1844,22,1
5533,1845,33,5
5534,1845,30,5
5535,1845,8,4
5536,1846,43,5
5537,1846,18,1
5538,1846,23,1
5539,1847,23,2
5540,1847,25,2
5541,1847,35,3
5542,1848,47,1
5543,1848,40,1
5544,1848,5,2
5545,1849,10,3
5546,1849,11,5
5547,1849,45,5
5548,1850,13,4
5549,1850,49,3
5550,1850,2,3
5551,1851,25,4
5552,1851,7,5
5553,1851,50,4
5554,1852,14,2
5555,1852,13,5
5556,1852,41,4
5557,1853,50,5
5558,1853,48,1
5559,1853,48,2
5560,1854,43,4
5561,1854,36,4
5562,1854,25,3
5563,1855,42,3
5564,1855,13,1
5565,1855,3,4
5566,1856,13,1
5567,1856,37,3
5568,1856,2,3
5569,1857,42,3
5570,1857,27,1
5571,1857,21,4
5572,1858,6,2
5573,1858,7,5
5574,1858,34,5
5575,1859,50,1
5576,1859,38,2
5577,1859,31,4
5578,1860,36,5
5579,1860,47,3
5580,1860,8,5
5581,1861,3,3
5582,1861,16,3
5583,1861,35,4
5584,1862,19,1
5585,1862,7,1
5586,1862,20,2
5587,1863,45,3
5588,1863,25,2
5589,1863,18,3
5590,1864,27,1
5591,1864,34,3
5592,1864,5,4
5593,1865,20,3
5594,1865,27,1
5595,1865,2,3
5596,1866,21,2
5597,1866,46,1
5598,1866,9,5
5599,1867,39,5
5600,1867,7,3
5601,1867,8,1
5602,1868,17,3
5603,1868,21,1
5604,1868,12,5
5605,1869,14,5
5606,1869,6,2
5607,1869,4,3
5608,1870,20,5
5609,1870,49,5
5610,1870,6,5
5611,1871,37,5
5612,1871,20,5
5613,1871,43,3
5614,1872,7,4
5615,1872,49,1
5616,1872,20,4
5617,1873,6,3
5618,1873,18,1
5619,1873,9,1
5620,1874,7,5
5621,1874,1,1
5622,1874,31,1
5623,1875,31,3
5624,1875,26,5
5625,1875,7,3
5626,1876,11,5
5627,1876,36,2
5628,1876,6,3
5629,1877,11,2
5630,1877,42,5
5631,1877,45,1
5632,1878,41,1
5633,1878,31,2
5634,1878,47,2
5635,1879,11,5
5636,1879,16,4
5637,1879,1,5
5638,1880,18,5
5639,1880,47,2
5640,1880,32,5
5641,1881,16,1
5642,1881,28,2
5643,1881,40,4
5644,1882,13,5
5645,1882,19,3
5646,1882,9,4
5647,1883,38,4
5648,1883,38,3
5649,1883,18,2
5650,1884,40,1
5651,1884,46,4
5652,1884,17,5
5653,1885,32,1
5654,1885,8,4
5655,1885,38,2
5656,1886,48,3
5657,1886,45,2
5658,1886,37,2
5659,1887,42,5
5660,1887,8,2
5661,1887,9,1
5662,1888,15,2
5663,1888,48,1
5664,1888,47,1
5665,1889,44,4
5666,1889,9,2
5667,1889,18,1
5668,1890,37,1
5669,1890,42,2
5670,1890,46,1
5671,1891,45,1
5672,1891,27,1
5673,1891,22,2
5674,1892,29,2
5675,1892,10,1
5676,1892,24,3
5677,1893,27,4
5678,1893,43,5
5679,1893,44,3
5680,1894,29,2
5681,1894,41,2
5682,1894,14,4
5683,1895,23,2
5684,1895,43,2
5685,1895,32,4
5686,1896,18,4
5687,1896,4,3
5688,1896,1,4
5689,1897,30,2
5690,1897,4,1
5691,1897,48,4
5692,1898,34,3
5693,1898,14,4
5694,1898,8,3
5695,1899,10,3
5696,1899,18,2
5697,1899,28,1
5698,1900,31,5
5699,1900,5,5
5700,1900,30,3
5701,1901,20,2
5702,1901,29,2
5703,1901,45,3
5704,1902,31,4
5705,1902,18,2
5706,1902,31,2
5707,1903,29,2
5708,1903,2,2
5709,1903,42,4
5710,1904,25,2
5711,1904,36,5
5712,1904,42,2
5713,1905,8,3
5714,1905,47,3
5715,1905,34,3
5716,1906,45,1
5717,1906,18,5
5718,1906,20,4
5719,1907,2,1
5720,1907,37,1
5721,1907,16,3
5722,1908,17,2
5723,1908,49,5
5724,1908,40,5
5725,1909,34,2
5726,1909,41,4
5727,1909,34,1
5728,1910,10,1
5729,1910,21,5
5730,1910,27,5
5731,1911,22,1
5732,1911,31,2
5733,1911,12,1
5734,1912,47,3
5735,1912,47,4
5736,1912,17,3
5737,1913,38,2
5738,1913,41,4
5739,1913,43,5
5740,1914,37,5
5741,1914,23,1
5742,1914,25,4
5743,1915,40,2
5744,1915,16,3
5745,1915,3,3
5746,1916,23,4
5747,1916,49,2
5748,1916,35,3
5749,1917,32,2
5750,1917,28,5
5751,1917,2,1
5752,1918,7,5
5753,1918,9,2
5754,1918,27,1
5755,1919,14,4
5756,1919,27,5
5757,1919,48,1
5758,1920,7,5
5759,1920,29,2
5760,1920,15,2
5761,1921,14,3
5762,1921,7,1
5763,1921,17,1
5764,1922,38,4
5765,1922,8,3
5766,1922,42,5
5767,1923,29,2
5768,1923,6,3
5769,1923,16,5
5770,1924,8,1
5771,1924,17,5
5772,1924,35,2
5773,1925,3,4
5774,1925,45,3
5775,1925,35,2
5776,1926,43,1
5777,1926,32,2
5778,1926,27,3
5779,1927,7,1
5780,1927,33,5
5781,1927,15,5
5782,1928,18,1
5783,1928,28,3
5784,1928,23,4
5785,1929,36,2
5786,1929,2,1
5787,1929,41,5
5788,1930,2,3
5789,1930,13,2
5790,1930,11,2
5791,1931,48,1
5792,1931,47,2
5793,1931,13,2
5794,1932,13,2
5795,1932,19,4
5796,1932,4,4
5797,1933,15,5
5798,1933,9,1
5799,1933,8,2
5800,1934,24,3
5801,1934,44,4
5802,1934,10,1
5803,1935,11,4
5804,1935,25,1
5805,1935,11,3
5806,1936,3,5
5807,1936,12,4
5808,1936,7,1
5809,1937,49,2
5810,1937,14,1
5811,1937,10,4
5812,1938,7,4
5813,1938,15,2
5814,1938,18,5
5815,1939,46,5
5816,1939,44,5
5817,1939,38,5
5818,1940,22,4
5819,1940,11,5
5820,1940,35,5
5821,1941,14,4
5822,1941,28,2
5823,1941,40,4
5824,1942,18,3
5825,1942,17,5
5826,1942,14,1
5827,1943,13,4
5828,1943,19,4
5829,1943,50,5
5830,1944,30,1
5831,1944,38,1
5832,1944,45,2
5833,1945,4,2
5834,1945,48,5
5835,1945,8,5
5836,1946,31,4
5837,1946,42,5
5838,1946,46,2
5839,1947,4,5
5840,1947,12,5
5841,1947,15,2
5842,1948,16,1
5843,1948,33,5
5844,1948,35,1
5845,1949,16,5
5846,1949,36,1
5847,1949,22,5
5848,1950,35,1
5849,1950,17,3
5850,1950,22,5
5851,1951,9,2
5852,1951,3,4
5853,1951,32,2
5854,1952,9,2
5855,1952,45,1
5856,1952,34,2
5857,1953,40,4
5858,1953,5,4
5859,1953,47,5
5860,1954,6,3
5861,1954,30,2
5862,1954,44,3
5863,1955,22,1
5864,1955,3,1
5865,1955,50,1
5866,1956,50,1
5867,1956,47,1
5868,1956,6,3
5869,1957,11,5
5870,1957,6,1
5871,1957,45,2
5872,1958,31,1
5873,1958,29,5
5874,1958,42,3
5875,1959,4,5
5876,1959,2,2
5877,1959,23,3
5878,1960,25,1
5879,1960,33,3
5880,1960,49,3
5881,1961,17,2
5882,1961,6,5
5883,1961,10,5
5884,1962,43,5
5885,1962,35,4
5886,1962,19,4
5887,1963,34,1
5888,1963,10,2
5889,1963,49,3
5890,1964,33,5
5891,1964,3,3
5892,1964,25,4
5893,1965,3,5
5894,1965,28,4
5895,1965,2,1
5896,1966,39,1
5897,1966,1,3
5898,1966,16,4
5899,1967,23,3
5900,1967,6,3
5901,1967,47,5
5902,1968,18,5
5903,1968,10,4
5904,1968,25,5
5905,1969,8,2
5906,1969,27,2
5907,1969,18,5
5908,1970,15,3
5909,1970,24,1
5910,1970,24,3
5911,1971,11,5
5912,1971,25,1
5913,1971,36,1
5914,1972,41,4
5915,1972,4,4
5916,1972,14,2
5917,1973,27,5
5918,1973,40,5
5919,1973,30,5
5920,1974,23,1
5921,1974,50,5
5922,1974,50,5
5923,1975,12,2
5924,1975,5,1
5925,1975,18,1
5926,1976,8,4
5927,1976,17,5
5928,1976,8,5
5929,1977,34,1
5930,1977,17,3
5931,1977,42,2
5932,1978,36,4
5933,1978,32,2
5934,1978,34,2
5935,1979,25,2
5936,1979,34,1
5937,1979,26,3
5938,1980,16,2
5939,1980,44,1
5940,1980,10,4
5941,1981,40,3
5942,1981,47,2
5943,1981,34,5
5944,1982,42,3
5945,1982,27,3
5946,1982,11,1
5947,1983,16,4
5948,1983,49,2
5949,1983,24,5
5950,1984,28,2
5951,1984,7,3
5952,1984,50,3
5953,1985,6,4
5954,1985,3,4
5955,1985,19,4
5956,1986,11,3
5957,1986,49,3
5958,1986,49,3
5959,1987,3,2
5960,1987,26,2
5961,1987,47,3
5962,1988,22,5
5963,1988,44,2
5964,1988,19,2
5965,1989,47,1
5966,1989,43,1
5967,1989,31,4
5968,1990,20,4
5969,1990,18,3
5970,1990,33,5
5971,1991,34,5
5972,1991,2,2
5973,1991,47,1
5974,1992,24,2
5975,1992,36,5
5976,1992,34,2
5977,1993,18,3
5978,1993,47,2
5979,1993,30,5
5980,1994,45,1
5981,1994,44,3
5982,1994,3,3
5983,1995,44,1
5984,1995,19,2
5985,1995,14,2
5986,1996,14,3
5987,1996,13,5
5988,1996,17,5
5989,1997,21,1
5990,1997,26,2
5991,1997,10,1
5992,1998,6,1
5993,1998,46,5
5994,1998,30,5
5995,1999,30,1
5996,1999,35,1
5997,1999,39,2
5998,2000,16,5
5999,2000,6,2
6000,2000,32,2
6001,2001,9,4
6002,2001,42,3
6003,2001,15,1
6004,2002,27,1
6005,2002,47,1
6006,2002,6,5
6007,2003,49,5
6008,2003,32,3
6009,2003,25,1
6010,2004,30,5
6011,2004,27,5
6012,2004,47,5
6013,2005,1,1
6014,2005,12,2
6015,2005,2,1
6016,2006,38,1
6017,2006,22,4
6018,2006,8,5
6019,2007,9,5
6020,2007,34,1
6021,2007,16,4
6022,2008,22,4
6023,2008,41,4
6024,2008,17,3
6025,2009,39,1
6026,2009,47,4
6027,2009,1,5
6028,2010,44,2
6029,2010,26,3
6030,2010,40,3
6031,2011,9,1
6032,2011,5,3
6033,2011,39,1
6034,2012,8,5
6035,2012,41,5
6036,2012,19,1
6037,2013,35,3
6038,2013,15,2
6039,2013,26,5
6040,2014,31,3
6041,2014,2,5
6042,2014,9,4
6043,2015,13,2
6044,2015,47,2
6045,2015,14,5
6046,2016,39,5
6047,2016,10,1
6048,2016,16,4
6049,2017,18,3
6050,2017,22,4
6051,2017,5,1
6052,2018,17,1
6053,2018,45,3
6054,2018,9,5
6055,2019,35,4
6056,2019,48,1
6057,2019,24,1
6058,2020,50,3
6059,2020,16,4
6060,2020,26,4
6061,2021,28,1
6062,2021,34,1
6063,2021,8,2
6064,2022,28,1
6065,2022,3,2
6066,2022,4,5
6067,2023,14,3
6068,2023,25,4
6069,2023,39,1
6070,2024,49,1
6071,2024,25,2
6072,2024,44,4
6073,2025,5,3
6074,2025,48,2
6075,2025,7,2
6076,2026,50,2
6077,2026,17,3
6078,2026,23,1
6079,2027,28,5
6080,2027,36,2
6081,2027,28,5
6082,2028,7,4
6083,2028,41,4
6084,2028,28,5
6085,2029,42,2
6086,2029,40,2
6087,2029,34,3
6088,2030,19,1
6089,2030,8,2
6090,2030,20,5
6091,2031,1,5
6092,2031,29,2
6093,2031,22,3
6094,2032,16,4
6095,2032,43,5
6096,2032,48,5
6097,2033,9,4
6098,2033,3,2
6099,2033,15,3
6100,2034,40,1
6101,2034,4,1
6102,2034,43,3
6103,2035,29,1
6104,2035,39,1
6105,2035,33,3
6106,2036,37,5
6107,2036,46,1
6108,2036,19,3
6109,2037,37,2
6110,2037,2,4
6111,2037,17,5
6112,2038,11,4
6113,2038,49,5
6114,2038,46,5
6115,2039,40,4
6116,2039,50,5
6117,2039,37,4
6118,2040,50,3
6119,2040,36,5
6120,2040,49,5
6121,2041,48,4
6122,2041,6,5
6123,2041,19,2
6124,2042,35,3
6125,2042,38,4
6126,2042,41,5
6127,2043,16,2
6128,2043,22,5
6129,2043,7,3
6130,2044,2,5
6131,2044,20,5
6132,2044,40,2
6133,2045,12,2
6134,2045,7,2
6135,2045,50,2
6136,2046,19,2
6137,2046,50,4
6138,2046,26,5
6139,2047,36,1
6140,2047,27,5
6141,2047,45,1
6142,2048,36,4
6143,2048,10,4
6144,2048,41,1
6145,2049,30,4
6146,2049,2,4
6147,2049,12,2
6148,2050,20,5
6149,2050,47,2
6150,2050,34,5
6151,2051,15,3
6152,2051,43,5
6153,2051,24,2
6154,2052,34,2
6155,2052,43,5
6156,2052,49,1
6157,2053,19,1
6158,2053,23,4
6159,2053,43,1
6160,2054,10,5
6161,2054,40,4
6162,2054,22,1
6163,2055,36,2
6164,2055,26,5
6165,2055,49,3
6166,2056,35,2
6167,2056,28,3
6168,2056,6,5
6169,2057,25,5
6170,2057,25,3
6171,2057,27,1
6172,2058,14,1
6173,2058,36,4
6174,2058,28,1
6175,2059,44,2
6176,2059,50,2
6177,2059,34,3
6178,2060,37,3
6179,2060,49,1
6180,2060,17,2
6181,2061,50,3
6182,2061,26,5
6183,2061,10,2
6184,2062,38,3
6185,2062,33,3
6186,2062,41,1
6187,2063,2,2
6188,2063,31,2
6189,2063,1,1
6190,2064,43,5
6191,2064,28,5
6192,2064,26,4
6193,2065,5,1
6194,2065,8,4
6195,2065,33,2
6196,2066,5,1
6197,2066,43,2
6198,2066,40,3
6199,2067,2,1
6200,2067,5,4
6201,2067,34,1
6202,2068,40,3
6203,2068,6,3
6204,2068,41,5
6205,2069,5,3
6206,2069,4,4
6207,2069,27,2
6208,2070,41,5
6209,2070,13,5
6210,2070,29,4
6211,2071,41,2
6212,2071,4,3
6213,2071,15,3
6214,2072,18,1
6215,2072,32,4
6216,2072,29,5
6217,2073,19,4
6218,2073,11,1
6219,2073,46,4
6220,2074,9,4
6221,2074,49,4
6222,2074,43,2
6223,2075,39,2
6224,2075,23,1
6225,2075,36,1
6226,2076,48,4
6227,2076,47,4
6228,2076,25,1
6229,2077,11,5
6230,2077,45,5
6231,2077,5,3
6232,2078,2,4
6233,2078,34,5
6234,2078,17,1
6235,2079,13,2
6236,2079,13,4
6237,2079,15,1
6238,2080,9,3
6239,2080,23,2
6240,2080,13,3
6241,2081,26,1
6242,2081,30,5
6243,2081,6,4
6244,2082,1,2
6245,2082,11,1
6246,2082,6,5
6247,2083,11,1
6248,2083,25,1
6249,2083,15,4
6250,2084,16,5
6251,2084,43,3
6252,2084,9,4
6253,2085,32,5
6254,2085,37,3
6255,2085,25,1
6256,2086,13,2
6257,2086,29,1
6258,2086,43,5
6259,2087,19,3
6260,2087,17,5
6261,2087,4,2
6262,2088,38,3
6263,2088,4,2
6264,2088,26,3
6265,2089,33,1
6266,2089,7,4
6267,2089,18,3
6268,2090,4,2
6269,2090,29,2
6270,2090,44,3
6271,2091,7,4
6272,2091,31,5
6273,2091,7,2
6274,2092,30,4
6275,2092,43,5
6276,2092,11,2
6277,2093,5,1
6278,2093,11,1
6279,2093,32,5
6280,2094,35,2
6281,2094,7,2
6282,2094,17,5
6283,2095,27,2
6284,2095,37,5
6285,2095,22,4
6286,2096,47,5
6287,2096,29,2
6288,2096,49,4
6289,2097,15,5
6290,2097,16,1
6291,2097,33,2
6292,2098,35,3
6293,2098,27,1
6294,2098,22,2
6295,2099,37,4
6296,2099,48,1
6297,2099,32,5
6298,2100,35,4
6299,2100,26,1
6300,2100,30,4
6301,2101,45,1
6302,2101,26,4
6303,2101,16,4
6304,2102,34,2
6305,2102,1,3
6306,2102,49,1
6307,2103,25,5
6308,2103,10,1
6309,2103,43,2
6310,2104,12,2
6311,2104,41,3
6312,2104,21,2
6313,2105,6,4
6314,2105,44,3
6315,2105,1,3
6316,2106,35,4
6317,2106,7,3
6318,2106,26,5
6319,2107,10,1
6320,2107,34,2
6321,2107,5,5
6322,2108,9,3
6323,2108,37,4
6324,2108,30,5
6325,2109,3,5
6326,2109,38,5
6327,2109,50,3
6328,2110,16,4
6329,2110,40,5
6330,2110,35,3
6331,2111,35,1
6332,2111,11,2
6333,2111,3,3
6334,2112,3,5
6335,2112,45,2
6336,2112,43,5
6337,2113,28,5
6338,2113,46,3
6339,2113,33,3
6340,2114,42,2
6341,2114,20,5
6342,2114,22,5
6343,2115,33,5
6344,2115,41,1
6345,2115,42,1
6346,2116,19,3
6347,2116,29,5
6348,2116,33,4
6349,2117,49,1
6350,2117,45,4
6351,2117,6,3
6352,2118,12,2
6353,2118,35,4
6354,2118,29,4
6355,2119,31,2
6356,2119,35,2
6357,2119,2,5
6358,2120,29,3
6359,2120,25,1
6360,2120,40,1
6361,2121,47,4
6362,2121,32,5
6363,2121,35,4
6364,2122,25,5
6365,2122,10,5
6366,2122,37,4
6367,2123,33,4
6368,2123,46,2
6369,2123,9,3
6370,2124,34,5
6371,2124,13,4
6372,2124,48,1
6373,2125,42,5
6374,2125,21,5
6375,2125,1,4
6376,2126,42,2
6377,2126,44,2
6378,2126,24,1
6379,2127,45,3
6380,2127,2,3
6381,2127,49,4
6382,2128,25,5
6383,2128,22,4
6384,2128,37,1
6385,2129,2,1
6386,2129,11,3
6387,2129,35,2
6388,2130,50,3
6389,2130,24,3
6390,2130,17,2
6391,2131,34,4
6392,2131,30,5
6393,2131,26,2
6394,2132,9,3
6395,2132,40,3
6396,2132,12,2
6397,2133,41,2
6398,2133,44,5
6399,2133,48,5
6400,2134,18,4
6401,2134,15,2
6402,2134,35,5
6403,2135,7,3
6404,2135,26,2
6405,2135,17,1
6406,2136,44,3
6407,2136,12,5
6408,2136,49,3
6409,2137,47,4
6410,2137,12,3
6411,2137,25,2
6412,2138,37,2
6413,2138,26,5
6414,2138,15,2
6415,2139,22,5
6416,2139,39,3
6417,2139,7,2
6418,2140,33,1
6419,2140,36,4
6420,2140,24,3
6421,2141,2,4
6422,2141,34,3
6423,2141,25,5
6424,2142,21,1
6425,2142,40,3
6426,2142,49,4
6427,2143,50,3
6428,2143,17,2
6429,2143,1,2
6430,2144,20,5
6431,2144,8,5
6432,2144,37,1
6433,2145,8,4
6434,2145,39,4
6435,2145,11,1
6436,2146,13,5
6437,2146,46,3
6438,2146,38,2
6439,2147,18,1
6440,2147,6,3
6441,2147,14,4
6442,2148,20,1
6443,2148,21,3
6444,2148,30,1
6445,2149,21,3
6446,2149,13,1
6447,2149,14,2
6448,2150,24,5
6449,2150,14,4
6450,2150,31,5
6451,2151,7,2
6452,2151,28,4
6453,2151,21,1
6454,2152,2,5
6455,2152,18,2
6456,2152,45,1
6457,2153,19,1
6458,2153,3,3
6459,2153,12,4
6460,2154,25,5
6461,2154,34,1
6462,2154,45,5
6463,2155,34,4
6464,2155,36,1
6465,2155,39,2
6466,2156,49,4
6467,2156,1,3
6468,2156,24,2
6469,2157,16,5
6470,2157,34,5
6471,2157,50,3
6472,2158,26,2
6473,2158,9,3
6474,2158,36,4
6475,2159,27,1
6476,2159,21,5
6477,2159,33,4
6478,2160,49,4
6479,2160,35,4
6480,2160,18,3
6481,2161,11,2
6482,2161,32,3
6483,2161,33,3
6484,2162,48,3
6485,2162,35,3
6486,2162,47,5
6487,2163,28,3
6488,2163,21,5
6489,2163,19,2
6490,2164,33,2
6491,2164,20,5
6492,2164,8,1
6493,2165,45,4
6494,2165,22,1
6495,2165,9,1
6496,2166,3,1
6497,2166,10,3
6498,2166,24,2
6499,2167,38,2
6500,2167,5,2
6501,2167,9,1
6502,2168,21,3
6503,2168,5,2
6504,2168,1,3
6505,2169,22,4
6506,2169,3,5
6507,2169,14,4
6508,2170,36,2
6509,2170,44,1
6510,2170,19,3
6511,2171,19,5
6512,2171,34,5
6513,2171,25,4
6514,2172,38,5
6515,2172,46,4
6516,2172,10,4
6517,2173,45,2
6518,2173,28,4
6519,2173,41,4
6520,2174,47,3
6521,2174,42,4
6522,2174,10,1
6523,2175,9,3
6524,2175,33,2
6525,2175,24,3
6526,2176,14,1
6527,2176,34,2
6528,2176,12,5
6529,2177,7,2
6530,2177,13,1
6531,2177,9,2
6532,2178,39,2
6533,2178,42,1
6534,2178,41,3
6535,2179,40,1
6536,2179,4,4
6537,2179,48,1
6538,2180,6,5
6539,2180,16,4
6540,2180,17,4
6541,2181,11,2
6542,2181,46,5
6543,2181,30,3
6544,2182,2,5
6545,2182,11,4
6546,2182,26,5
6547,2183,46,1
6548,2183,43,4
6549,2183,12,2
6550,2184,23,4
6551,2184,30,3
6552,2184,17,3
6553,2185,36,3
6554,2185,31,2
6555,2185,25,2
6556,2186,37,1
6557,2186,21,2
6558,2186,40,1
6559,2187,33,4
6560,2187,25,5
6561,2187,16,1
6562,2188,26,1
6563,2188,36,2
6564,2188,46,4
6565,2189,8,4
6566,2189,12,1
6567,2189,30,2
6568,2190,13,4
6569,2190,46,2
6570,2190,37,5
6571,2191,12,1
6572,2191,21,2
6573,2191,12,2
6574,2192,37,5
6575,2192,40,2
6576,2192,48,4
6577,2193,11,1
6578,2193,47,4
6579,2193,21,5
6580,2194,5,3
6581,2194,16,5
6582,2194,36,2
6583,2195,16,2
6584,2195,21,3
6585,2195,45,2
6586,2196,37,5
6587,2196,14,3
6588,2196,36,3
6589,2197,18,4
6590,2197,8,4
6591,2197,47,4
6592,2198,48,4
6593,2198,15,2
6594,2198,26,3
6595,2199,16,1
6596,2199,37,3
6597,2199,17,3
6598,2200,37,4
6599,2200,40,1
6600,2200,12,4
6601,2201,39,5
6602,2201,29,1
6603,2201,12,5
6604,2202,12,4
6605,2202,5,2
6606,2202,4,3
6607,2203,16,5
6608,2203,30,5
6609,2203,32,1
6610,2204,14,4
6611,2204,46,3
6612,2204,9,5
6613,2205,36,5
6614,2205,16,2
6615,2205,10,1
6616,2206,44,1
6617,2206,9,3
6618,2206,26,1
6619,2207,36,2
6620,2207,12,1
6621,2207,3,3
6622,2208,49,5
6623,2208,32,5
6624,2208,44,4
6625,2209,34,5
6626,2209,33,5
6627,2209,29,3
6628,2210,44,2
6629,2210,45,3
6630,2210,43,5
6631,2211,23,2
6632,2211,16,5
6633,2211,26,1
6634,2212,49,1
6635,2212,13,1
6636,2212,18,3
6637,2213,16,4
6638,2213,42,1
6639,2213,37,5
6640,2214,21,1
6641,2214,30,1
6642,2214,23,2
6643,2215,14,5
6644,2215,6,1
6645,2215,50,2
6646,2216,42,5
6647,2216,11,5
6648,2216,48,3
6649,2217,43,1
6650,2217,6,3
6651,2217,13,4
6652,2218,18,5
6653,2218,13,1
6654,2218,40,2
6655,2219,1,5
6656,2219,27,4
6657,2219,6,2
6658,2220,44,5
6659,2220,32,1
6660,2220,39,1
6661,2221,10,4
6662,2221,4,2
6663,2221,47,2
6664,2222,8,2
6665,2222,11,1
6666,2222,44,4
6667,2223,27,4
6668,2223,49,2
6669,2223,4,1
6670,2224,39,1
6671,2224,8,1
6672,2224,25,4
6673,2225,7,2
6674,2225,12,1
6675,2225,8,5
6676,2226,47,1
6677,2226,29,2
6678,2226,47,3
6679,2227,43,5
6680,2227,49,4
6681,2227,16,2
6682,2228,40,2
6683,2228,3,3
6684,2228,37,2
6685,2229,28,4
6686,2229,22,2
6687,2229,35,1
6688,2230,43,2
6689,2230,30,3
6690,2230,50,5
6691,2231,7,2
6692,2231,49,3
6693,2231,12,1
6694,2232,6,3
6695,2232,2,5
6696,2232,44,4
6697,2233,41,5
6698,2233,9,3
6699,2233,1,5
6700,2234,43,3
6701,2234,9,2
6702,2234,39,3
6703,2235,25,2
6704,2235,2,5
6705,2235,13,3
6706,2236,23,4
6707,2236,5,1
6708,2236,14,5
6709,2237,39,3
6710,2237,9,5
6711,2237,32,1
6712,2238,50,1
6713,2238,15,4
6714,2238,8,2
6715,2239,18,2
6716,2239,28,3
6717,2239,36,3
6718,2240,35,3
6719,2240,25,3
6720,2240,49,2
6721,2241,14,1
6722,2241,17,1
6723,2241,48,2
6724,2242,2,2
6725,2242,31,1
6726,2242,28,1
6727,2243,24,5
6728,2243,11,4
6729,2243,15,5
6730,2244,32,3
6731,2244,4,2
6732,2244,39,5
6733,2245,4,4
6734,2245,47,1
6735,2245,28,4
6736,2246,38,1
6737,2246,27,2
6738,2246,9,2
6739,2247,19,5
6740,2247,42,1
6741,2247,22,3
6742,2248,17,2
6743,2248,44,1
6744,2248,15,3
6745,2249,3,2
6746,2249,4,1
6747,2249,2,5
6748,2250,24,4
6749,2250,32,5
6750,2250,50,4
6751,2251,24,4
6752,2251,20,5
6753,2251,5,3
6754,2252,29,5
6755,2252,44,3
6756,2252,24,3
6757,2253,28,2
6758,2253,16,3
6759,2253,31,1
6760,2254,9,3
6761,2254,30,4
6762,2254,1,1
6763,2255,3,5
6764,2255,4,1
6765,2255,33,1
6766,2256,3,2
6767,2256,2,4
6768,2256,36,2
6769,2257,7,4
6770,2257,26,3
6771,2257,49,1
6772,2258,32,2
6773,2258,28,5
6774,2258,3,5
6775,2259,1,5
6776,2259,7,3
6777,2259,29,1
6778,2260,10,5
6779,2260,2,1
6780,2260,22,1
6781,2261,30,1
6782,2261,13,5
6783,2261,3,4
6784,2262,29,1
6785,2262,16,1
6786,2262,30,2
6787,2263,22,1
6788,2263,4,3
6789,2263,24,5
6790,2264,18,4
6791,2264,20,2
6792,2264,26,2
6793,2265,8,2
6794,2265,2,1
6795,2265,37,4
6796,2266,12,3
6797,2266,35,5
6798,2266,44,3
6799,2267,29,4
6800,2267,46,4
6801,2267,39,3
6802,2268,32,1
6803,2268,14,1
6804,2268,36,1
6805,2269,22,2
6806,2269,43,2
6807,2269,39,4
6808,2270,11,4
6809,2270,17,4
6810,2270,26,4
6811,2271,10,1
6812,2271,23,5
6813,2271,5,5
6814,2272,16,2
6815,2272,45,4
6816,2272,2,1
6817,2273,4,3
6818,2273,26,4
6819,2273,28,1
6820,2274,20,3
6821,2274,41,5
6822,2274,2,1
6823,2275,8,1
6824,2275,29,5
6825,2275,32,4
6826,2276,8,3
6827,2276,3,1
6828,2276,48,3
6829,2277,38,2
6830,2277,35,5
6831,2277,5,5
6832,2278,49,3
6833,2278,37,1
6834,2278,21,2
6835,2279,43,1
6836,2279,21,2
6837,2279,3,3
6838,2280,40,5
6839,2280,33,1
6840,2280,38,3
6841,2281,42,5
6842,2281,32,4
6843,2281,39,5
6844,2282,32,2
6845,2282,42,1
6846,2282,13,4
6847,2283,38,4
6848,2283,44,1
6849,2283,27,4
6850,2284,39,5
6851,2284,48,3
6852,2284,7,4
6853,2285,25,1
6854,2285,10,2
6855,2285,32,3
6856,2286,4,4
6857,2286,31,5
6858,2286,18,2
6859,2287,15,2
6860,2287,49,3
6861,2287,28,2
6862,2288,14,5
6863,2288,43,5
6864,2288,39,3
6865,2289,38,5
6866,2289,8,5
6867,2289,29,1
6868,2290,5,3
6869,2290,11,4
6870,2290,43,2
6871,2291,2,2
6872,2291,30,1
6873,2291,33,4
6874,2292,35,2
6875,2292,7,1
6876,2292,27,1
6877,2293,11,1
6878,2293,41,3
6879,2293,7,5
6880,2294,6,2
6881,2294,24,5
6882,2294,37,5
6883,2295,39,5
6884,2295,50,5
6885,2295,29,2
6886,2296,8,1
6887,2296,29,1
6888,2296,47,5
6889,2297,33,5
6890,2297,19,5
6891,2297,2,1
6892,2298,35,4
6893,2298,17,3
6894,2298,35,2
6895,2299,11,1
6896,2299,29,3
6897,2299,34,5
6898,2300,48,2
6899,2300,37,4
6900,2300,33,3
6901,2301,29,1
6902,2301,35,2
6903,2301,4,1
6904,2302,17,5
6905,2302,3,4
6906,2302,31,3
6907,2303,31,1
6908,2303,12,2
6909,2303,25,5
6910,2304,6,3
6911,2304,39,4
6912,2304,6,1
6913,2305,11,5
6914,2305,32,5
6915,2305,18,2
6916,2306,39,4
6917,2306,36,5
6918,2306,10,4
6919,2307,47,4
6920,2307,38,4
6921,2307,43,1
6922,2308,18,1
6923,2308,38,3
6924,2308,15,1
6925,2309,17,1
6926,2309,38,4
6927,2309,8,3
6928,2310,28,1
6929,2310,32,5
6930,2310,42,2
6931,2311,12,4
6932,2311,19,5
6933,2311,36,2
6934,2312,22,4
6935,2312,23,1
6936,2312,50,4
6937,2313,38,4
6938,2313,12,3
6939,2313,41,1
6940,2314,39,4
6941,2314,45,3
6942,2314,40,4
6943,2315,25,5
6944,2315,16,3
6945,2315,40,4
6946,2316,2,3
6947,2316,29,5
6948,2316,20,2
6949,2317,5,4
6950,2317,1,2
6951,2317,36,3
6952,2318,7,4
6953,2318,10,2
6954,2318,23,5
6955,2319,49,2
6956,2319,41,4
6957,2319,18,5
6958,2320,35,2
6959,2320,1,5
6960,2320,37,2
6961,2321,18,5
6962,2321,26,5
6963,2321,45,5
6964,2322,15,5
6965,2322,3,4
6966,2322,9,3
6967,2323,26,4
6968,2323,10,5
6969,2323,29,5
6970,2324,37,1
6971,2324,28,1
6972,2324,40,1
6973,2325,6,3
6974,2325,5,2
6975,2325,8,5
6976,2326,49,2
6977,2326,23,5
6978,2326,41,2
6979,2327,14,4
6980,2327,7,2
6981,2327,14,4
6982,2328,47,4
6983,2328,1,3
6984,2328,12,2
6985,2329,3,3
6986,2329,21,5
6987,2329,33,1
6988,2330,26,3
6989,2330,50,1
6990,2330,11,3
6991,2331,18,3
6992,2331,32,2
6993,2331,17,1
6994,2332,40,1
6995,2332,28,3
6996,2332,42,1
6997,2333,13,3
6998,2333,18,1
6999,2333,37,4
7000,2334,26,1
7001,2334,31,4
7002,2334,48,1
7003,2335,50,5
7004,2335,9,3
7005,2335,39,5
7006,2336,37,5
7007,2336,41,1
7008,2336,35,5
7009,2337,47,1
7010,2337,26,4
7011,2337,36,2
7012,2338,7,3
7013,2338,6,4
7014,2338,18,4
7015,2339,34,1
7016,2339,15,3
7017,2339,40,2
7018,2340,26,4
7019,2340,17,5
7020,2340,28,5
7021,2341,43,5
7022,2341,40,2
7023,2341,45,5
7024,2342,26,5
7025,2342,36,4
7026,2342,20,5
7027,2343,25,5
7028,2343,20,1
7029,2343,21,3
7030,2344,38,3
7031,2344,21,1
7032,2344,8,1
7033,2345,40,2
7034,2345,47,5
7035,2345,44,2
7036,2346,4,4
7037,2346,24,2
7038,2346,45,4
7039,2347,45,1
7040,2347,23,1
7041,2347,5,4
7042,2348,6,4
7043,2348,44,1
7044,2348,15,5
7045,2349,35,5
7046,2349,26,2
7047,2349,27,3
7048,2350,16,4
7049,2350,46,2
7050,2350,7,5
7051,2351,38,3
7052,2351,21,3
7053,2351,39,1
7054,2352,25,4
7055,2352,1,1
7056,2352,2,5
7057,2353,42,5
7058,2353,20,2
7059,2353,20,5
7060,2354,38,3
7061,2354,12,1
7062,2354,19,4
7063,2355,25,3
7064,2355,48,5
7065,2355,40,4
7066,2356,28,4
7067,2356,27,1
7068,2356,21,4
7069,2357,17,2
7070,2357,1,3
7071,2357,21,4
7072,2358,24,4
7073,2358,49,4
7074,2358,22,5
7075,2359,2,5
7076,2359,29,3
7077,2359,50,3
7078,2360,15,2
7079,2360,33,5
7080,2360,2,4
7081,2361,9,2
7082,2361,24,3
7083,2361,26,4
7084,2362,9,2
7085,2362,50,4
7086,2362,22,3
7087,2363,4,1
7088,2363,26,3
7089,2363,39,5
7090,2364,23,2
7091,2364,4,1
7092,2364,45,4
7093,2365,11,2
7094,2365,8,2
7095,2365,10,3
7096,2366,12,4
7097,2366,28,4
7098,2366,45,4
7099,2367,20,4
7100,2367,9,3
7101,2367,40,1
7102,2368,25,1
7103,2368,7,1
7104,2368,12,3
7105,2369,46,1
7106,2369,6,3
7107,2369,33,3
7108,2370,35,5
7109,2370,41,4
7110,2370,4,1
7111,2371,49,5
7112,2371,1,1
7113,2371,31,5
7114,2372,34,4
7115,2372,31,4
7116,2372,36,2
7117,2373,13,1
7118,2373,12,5
7119,2373,39,3
7120,2374,29,1
7121,2374,18,4
7122,2374,9,4
7123,2375,17,2
7124,2375,41,4
7125,2375,5,2
7126,2376,47,1
7127,2376,11,1
7128,2376,14,5
7129,2377,17,2
7130,2377,48,4
7131,2377,22,2
7132,2378,28,3
7133,2378,45,5
7134,2378,47,4
7135,2379,49,5
7136,2379,4,4
7137,2379,36,3
7138,2380,41,2
7139,2380,24,3
7140,2380,33,2
7141,2381,20,2
7142,2381,8,5
7143,2381,45,2
7144,2382,33,3
7145,2382,17,3
7146,2382,49,3
7147,2383,4,1
7148,2383,44,4
7149,2383,17,3
7150,2384,42,3
7151,2384,19,4
7152,2384,22,2
7153,2385,13,1
7154,2385,8,2
7155,2385,13,2
7156,2386,46,4
7157,2386,19,5
7158,2386,40,4
7159,2387,44,5
7160,2387,47,1
7161,2387,29,4
7162,2388,50,4
7163,2388,49,2
7164,2388,16,3
7165,2389,42,2
7166,2389,32,2
7167,2389,2,2
7168,2390,36,5
7169,2390,25,2
7170,2390,5,4
7171,2391,23,1
7172,2391,42,5
7173,2391,4,1
7174,2392,39,4
7175,2392,16,1
7176,2392,17,3
7177,2393,46,2
7178,2393,3,4
7179,2393,39,2
7180,2394,21,5
7181,2394,33,2
7182,2394,18,5
7183,2395,15,3
7184,2395,15,3
7185,2395,1,1
7186,2396,45,1
7187,2396,33,1
7188,2396,46,4
7189,2397,29,4
7190,2397,33,3
7191,2397,33,1
7192,2398,28,3
7193,2398,12,3
7194,2398,17,3
7195,2399,43,3
7196,2399,17,3
7197,2399,28,1
7198,2400,35,2
7199,2400,35,3
7200,2400,45,1
7201,2401,31,5
7202,2401,40,2
7203,2401,29,5
7204,2402,7,1
7205,2402,42,3
7206,2402,16,5
7207,2403,8,2
7208,2403,35,4
7209,2403,33,5
7210,2404,43,3
7211,2404,35,4
7212,2404,40,5
7213,2405,38,4
7214,2405,38,5
7215,2405,33,2
7216,2406,49,5
7217,2406,4,3
7218,2406,21,4
7219,2407,38,2
7220,2407,31,1
7221,2407,18,4
7222,2408,44,2
7223,2408,17,4
7224,2408,15,1
7225,2409,6,5
7226,2409,35,4
7227,2409,46,3
7228,2410,12,3
7229,2410,9,2
7230,2410,36,2
7231,2411,38,4
7232,2411,11,5
7233,2411,16,2
7234,2412,37,1
7235,2412,10,1
7236,2412,42,5
7237,2413,32,1
7238,2413,26,2
7239,2413,37,2
7240,2414,12,5
7241,2414,33,1
7242,2414,46,5
7243,2415,36,2
7244,2415,11,2
7245,2415,8,1
7246,2416,8,1
7247,2416,12,2
7248,2416,12,1
7249,2417,2,1
7250,2417,45,5
7251,2417,25,4
7252,2418,28,4
7253,2418,8,1
7254,2418,2,5
7255,2419,41,5
7256,2419,43,5
7257,2419,44,4
7258,2420,46,4
7259,2420,8,1
7260,2420,36,1
7261,2421,19,2
7262,2421,24,4
7263,2421,6,3
7264,2422,4,2
7265,2422,36,3
7266,2422,21,2
7267,2423,42,1
7268,2423,38,5
7269,2423,49,1
7270,2424,31,3
7271,2424,27,5
7272,2424,42,2
7273,2425,13,3
7274,2425,20,4
7275,2425,38,3
7276,2426,44,1
7277,2426,3,1
7278,2426,13,1
7279,2427,30,4
7280,2427,12,1
7281,2427,24,3
7282,2428,22,5
7283,2428,25,4
7284,2428,5,3
7285,2429,2,1
7286,2429,28,4
7287,2429,43,4
7288,2430,28,3
7289,2430,6,1
7290,2430,1,4
7291,2431,24,3
7292,2431,6,1
7293,2431,46,2
7294,2432,19,1
7295,2432,29,5
7296,2432,21,1
7297,2433,26,5
7298,2433,38,3
7299,2433,50,5
7300,2434,31,1
7301,2434,34,5
7302,2434,1,3
7303,2435,50,5
7304,2435,49,2
7305,2435,28,4
7306,2436,36,2
7307,2436,19,5
7308,2436,10,4
7309,2437,35,5
7310,2437,37,5
7311,2437,26,2
7312,2438,25,5
7313,2438,30,1
7314,2438,34,2
7315,2439,35,4
7316,2439,36,5
7317,2439,34,5
7318,2440,8,4
7319,2440,34,4
7320,2440,40,1
7321,2441,24,1
7322,2441,24,5
7323,2441,28,2
7324,2442,24,4
7325,2442,5,5
7326,2442,30,4
7327,2443,2,5
7328,2443,16,2
7329,2443,2,1
7330,2444,9,4
7331,2444,45,3
7332,2444,30,5
7333,2445,37,5
7334,2445,12,4
7335,2445,1,3
7336,2446,6,5
7337,2446,1,5
7338,2446,24,2
7339,2447,5,4
7340,2447,24,3
7341,2447,33,3
7342,2448,8,4
7343,2448,32,4
7344,2448,19,1
7345,2449,43,2
7346,2449,32,3
7347,2449,25,5
7348,2450,12,1
7349,2450,7,5
7350,2450,44,5
7351,2451,10,3
7352,2451,6,5
7353,2451,46,5
7354,2452,26,2
7355,2452,28,3
7356,2452,12,2
7357,2453,10,5
7358,2453,31,3
7359,2453,33,5
7360,2454,5,4
7361,2454,4,3
7362,2454,47,3
7363,2455,18,2
7364,2455,7,5
7365,2455,23,3
7366,2456,24,4
7367,2456,3,3
7368,2456,28,5
7369,2457,9,1
7370,2457,37,2
7371,2457,9,3
7372,2458,32,1
7373,2458,46,5
7374,2458,2,1
7375,2459,5,4
7376,2459,15,3
7377,2459,27,3
7378,2460,4,4
7379,2460,11,2
7380,2460,9,3
7381,2461,31,2
7382,2461,33,2
7383,2461,36,5
7384,2462,21,3
7385,2462,1,1
7386,2462,6,4
7387,2463,34,5
7388,2463,12,2
7389,2463,45,3
7390,2464,46,4
7391,2464,16,1
7392,2464,9,4
7393,2465,5,4
7394,2465,35,3
7395,2465,1,4
7396,2466,5,1
7397,2466,23,5
7398,2466,42,1
7399,2467,6,1
7400,2467,37,3
7401,2467,1,5
7402,2468,12,4
7403,2468,7,1
7404,2468,21,2
7405,2469,28,1
7406,2469,48,1
7407,2469,48,3
7408,2470,15,4
7409,2470,4,5
7410,2470,9,2
7411,2471,3,1
7412,2471,30,1
7413,2471,28,5
7414,2472,21,1
7415,2472,1,4
7416,2472,17,1
7417,2473,33,5
7418,2473,20,5
7419,2473,46,3
7420,2474,45,3
7421,2474,15,2
7422,2474,37,5
7423,2475,30,4
7424,2475,38,5
7425,2475,37,2
7426,2476,27,3
7427,2476,9,5
7428,2476,17,3
7429,2477,31,1
7430,2477,27,1
7431,2477,40,5
7432,2478,10,4
7433,2478,13,3
7434,2478,35,1
7435,2479,14,1
7436,2479,3,3
7437,2479,22,1
7438,2480,10,3
7439,2480,50,5
7440,2480,43,5
7441,2481,26,2
7442,2481,44,2
7443,2481,5,4
7444,2482,19,2
7445,2482,47,3
7446,2482,29,3
7447,2483,34,2
7448,2483,22,2
7449,2483,27,5
7450,2484,4,4
7451,2484,18,5
7452,2484,28,1
7453,2485,48,4
7454,2485,29,2
7455,2485,38,5
7456,2486,15,3
7457,2486,20,5
7458,2486,33,2
7459,2487,36,3
7460,2487,12,3
7461,2487,15,4
7462,2488,41,3
7463,2488,26,2
7464,2488,35,1
7465,2489,22,3
7466,2489,4,4
7467,2489,29,3
7468,2490,46,1
7469,2490,26,3
7470,2490,29,5
7471,2491,22,3
7472,2491,6,3
7473,2491,26,2
7474,2492,14,5
7475,2492,12,1
7476,2492,39,1
7477,2493,35,3
7478,2493,50,3
7479,2493,7,1
7480,2494,32,3
7481,2494,47,1
7482,2494,43,5
7483,2495,7,2
7484,2495,7,1
7485,2495,7,4
7486,2496,50,5
7487,2496,25,1
7488,2496,39,1
7489,2497,10,3
7490,2497,19,4
7491,2497,44,4
7492,2498,4,2
7493,2498,11,1
7494,2498,26,5
7495,2499,24,2
7496,2499,21,3
7497,2499,45,1
7498,2500,44,2
7499,2500,1,1
7500,2500,43,2
7501,2501,12,4
7502,2501,21,5
7503,2501,23,1
7504,2502,1,2
7505,2502,27,1
7506,2502,6,3
7507,2503,8,3
7508,2503,14,2
7509,2503,23,5
7510,2504,17,4
7511,2504,41,5
7512,2504,22,1
7513,2505,29,3
7514,2505,3,4
7515,2505,7,4
7516,2506,46,2
7517,2506,9,4
7518,2506,39,5
7519,2507,4,3
7520,2507,46,5
7521,2507,44,3
7522,2508,42,1
7523,2508,15,1
7524,2508,4,1
7525,2509,26,3
7526,2509,44,5
7527,2509,14,3
7528,2510,50,1
7529,2510,14,5
7530,2510,8,1
7531,2511,18,3
7532,2511,9,1
7533,2511,14,4
7534,2512,3,5
7535,2512,40,3
7536,2512,5,1
7537,2513,35,3
7538,2513,41,5
7539,2513,7,2
7540,2514,42,3
7541,2514,40,5
7542,2514,12,5
7543,2515,23,3
7544,2515,49,2
7545,2515,24,5
7546,2516,22,2
7547,2516,3,3
7548,2516,25,1
7549,2517,3,1
7550,2517,27,4
7551,2517,37,5
7552,2518,1,1
7553,2518,26,5
7554,2518,28,5
7555,2519,4,1
7556,2519,35,4
7557,2519,46,4
7558,2520,31,3
7559,2520,3,2
7560,2520,31,5
7561,2521,18,2
7562,2521,46,2
7563,2521,43,2
7564,2522,37,3
7565,2522,20,5
7566,2522,45,3
7567,2523,15,1
7568,2523,1,4
7569,2523,32,4
7570,2524,25,2
7571,2524,22,3
7572,2524,1,2
7573,2525,11,3
7574,2525,1,1
7575,2525,32,2
7576,2526,25,3
7577,2526,17,2
7578,2526,26,2
7579,2527,19,1
7580,2527,30,5
7581,2527,17,2
7582,2528,38,1
7583,2528,41,2
7584,2528,43,5
7585,2529,45,2
7586,2529,15,2
7587,2529,20,3
7588,2530,7,1
7589,2530,1,1
7590,2530,37,1
7591,2531,42,4
7592,2531,44,1
7593,2531,23,2
7594,2532,1,5
7595,2532,36,4
7596,2532,33,3
7597,2533,16,1
7598,2533,10,1
7599,2533,6,4
7600,2534,26,4
7601,2534,15,2
7602,2534,40,1
7603,2535,19,3
7604,2535,30,3
7605,2535,49,5
7606,2536,36,5
7607,2536,29,3
7608,2536,37,2
7609,2537,6,2
7610,2537,38,5
7611,2537,50,4
7612,2538,20,2
7613,2538,26,1
7614,2538,15,2
7615,2539,27,2
7616,2539,1,2
7617,2539,30,3
7618,2540,23,5
7619,2540,12,1
7620,2540,17,4
7621,2541,30,1
7622,2541,45,5
7623,2541,9,1
7624,2542,29,1
7625,2542,6,3
7626,2542,11,2
7627,2543,46,5
7628,2543,1,2
7629,2543,13,4
7630,2544,45,2
7631,2544,7,5
7632,2544,47,2
7633,2545,5,3
7634,2545,34,1
7635,2545,34,5
7636,2546,32,1
7637,2546,44,3
7638,2546,37,1
7639,2547,28,1
7640,2547,50,1
7641,2547,33,4
7642,2548,14,5
7643,2548,24,3
7644,2548,36,5
7645,2549,6,5
7646,2549,21,5
7647,2549,48,4
7648,2550,45,4
7649,2550,11,1
7650,2550,25,5
7651,2551,34,1
7652,2551,46,1
7653,2551,49,3
7654,2552,16,4
7655,2552,35,5
7656,2552,14,1
7657,2553,36,4
7658,2553,39,2
7659,2553,33,5
7660,2554,31,2
7661,2554,33,3
7662,2554,22,3
7663,2555,4,1
7664,2555,33,2
7665,2555,11,4
7666,2556,11,1
7667,2556,4,2
7668,2556,36,2
7669,2557,40,3
7670,2557,35,2
7671,2557,41,2
7672,2558,9,2
7673,2558,4,3
7674,2558,6,3
7675,2559,18,4
7676,2559,18,2
7677,2559,47,2
7678,2560,48,5
7679,2560,48,1
7680,2560,5,4
7681,2561,24,5
7682,2561,39,2
7683,2561,45,1
7684,2562,44,2
7685,2562,48,1
7686,2562,9,1
7687,2563,41,2
7688,2563,4,3
7689,2563,46,2
7690,2564,15,2
7691,2564,9,4
7692,2564,32,3
7693,2565,9,1
7694,2565,16,3
7695,2565,46,2
7696,2566,3,2
7697,2566,33,1
7698,2566,27,3
7699,2567,4,4
7700,2567,17,4
7701,2567,13,1
7702,2568,44,1
7703,2568,23,5
7704,2568,15,4
7705,2569,30,4
7706,2569,23,4
7707,2569,38,1
7708,2570,40,5
7709,2570,15,2
7710,2570,50,1
7711,2571,44,1
7712,2571,42,2
7713,2571,39,1
7714,2572,27,1
7715,2572,31,3
7716,2572,25,5
7717,2573,3,2
7718,2573,38,5
7719,2573,14,1
7720,2574,2,3
7721,2574,16,5
7722,2574,18,1
7723,2575,40,4
7724,2575,26,2
7725,2575,10,5
7726,2576,6,2
7727,2576,8,4
7728,2576,32,1
7729,2577,33,1
7730,2577,24,4
7731,2577,36,3
7732,2578,27,4
7733,2578,30,1
7734,2578,25,2
7735,2579,45,4
7736,2579,10,1
7737,2579,37,5
7738,2580,26,3
7739,2580,24,1
7740,2580,20,5
7741,2581,19,3
7742,2581,20,1
7743,2581,29,4
7744,2582,26,2
7745,2582,44,3
7746,2582,39,2
7747,2583,46,2
7748,2583,37,4
7749,2583,23,1
7750,2584,20,5
7751,2584,25,2
7752,2584,30,2
7753,2585,9,2
7754,2585,25,2
7755,2585,28,1
7756,2586,6,3
7757,2586,10,3
7758,2586,14,4
7759,2587,43,2
7760,2587,48,3
7761,2587,42,5
7762,2588,45,3
7763,2588,18,2
7764,2588,7,5
7765,2589,33,1
7766,2589,35,4
7767,2589,39,5
7768,2590,7,5
7769,2590,27,2
7770,2590,41,2
7771,2591,47,3
7772,2591,46,1
7773,2591,43,5
7774,2592,37,4
7775,2592,17,2
7776,2592,13,5
7777,2593,22,2
7778,2593,9,3
7779,2593,30,2
7780,2594,24,1
7781,2594,24,5
7782,2594,16,2
7783,2595,16,3
7784,2595,13,1
7785,2595,45,2
7786,2596,5,1
7787,2596,46,3
7788,2596,43,5
7789,2597,32,4
7790,2597,2,3
7791,2597,47,3
7792,2598,24,4
7793,2598,50,4
7794,2598,45,5
7795,2599,44,3
7796,2599,32,3
7797,2599,30,4
7798,2600,38,3
7799,2600,47,3
7800,2600,13,3
7801,2601,16,4
7802,2601,24,5
7803,2601,31,3
7804,2602,26,4
7805,2602,47,5
7806,2602,50,5
7807,2603,25,1
7808,2603,28,2
7809,2603,18,2
7810,2604,6,2
7811,2604,22,3
7812,2604,24,1
7813,2605,35,1
7814,2605,37,3
7815,2605,40,3
7816,2606,33,1
7817,2606,22,2
7818,2606,49,4
7819,2607,39,2
7820,2607,21,3
7821,2607,37,4
7822,2608,26,3
7823,2608,29,2
7824,2608,8,2
7825,2609,1,4
7826,2609,18,2
7827,2609,16,3
7828,2610,50,5
7829,2610,8,3
7830,2610,12,4
7831,2611,8,3
7832,2611,4,3
7833,2611,42,5
7834,2612,38,2
7835,2612,16,2
7836,2612,27,1
7837,2613,20,3
7838,2613,20,2
7839,2613,46,1
7840,2614,29,5
7841,2614,27,2
7842,2614,43,4
7843,2615,15,1
7844,2615,44,1
7845,2615,2,5
7846,2616,42,1
7847,2616,32,5
7848,2616,23,2
7849,2617,10,1
7850,2617,6,3
7851,2617,47,5
7852,2618,29,1
7853,2618,36,3
7854,2618,21,2
7855,2619,14,3
7856,2619,43,3
7857,2619,48,2
7858,2620,28,5
7859,2620,30,3
7860,2620,18,4
7861,2621,4,1
7862,2621,32,2
7863,2621,42,2
7864,2622,42,1
7865,2622,45,5
7866,2622,27,3
7867,2623,48,2
7868,2623,15,4
7869,2623,30,4
7870,2624,9,5
7871,2624,28,4
7872,2624,44,3
7873,2625,27,2
7874,2625,13,4
7875,2625,1,1
7876,2626,18,1
7877,2626,42,1
7878,2626,49,3
7879,2627,10,4
7880,2627,35,1
7881,2627,2,3
7882,2628,21,5
7883,2628,43,1
7884,2628,3,1
7885,2629,10,4
7886,2629,44,2
7887,2629,47,2
7888,2630,5,3
7889,2630,12,3
7890,2630,30,2
7891,2631,8,4
7892,2631,2,5
7893,2631,20,2
7894,2632,37,1
7895,2632,50,2
7896,2632,49,4
7897,2633,34,1
7898,2633,32,2
7899,2633,3,2
7900,2634,8,2
7901,2634,25,5
7902,2634,23,3
7903,2635,46,2
7904,2635,34,4
7905,2635,12,1
7906,2636,39,2
7907,2636,37,4
7908,2636,16,3
7909,2637,9,3
7910,2637,40,3
7911,2637,43,2
7912,2638,16,2
7913,2638,11,2
7914,2638,41,4
7915,2639,15,5
7916,2639,13,5
7917,2639,39,5
7918,2640,12,1
7919,2640,19,3
7920,2640,31,2
7921,2641,23,2
7922,2641,9,2
7923,2641,28,4
7924,2642,6,5
7925,2642,23,1
7926,2642,31,4
7927,2643,6,1
7928,2643,36,4
7929,2643,3,5
7930,2644,12,4
7931,2644,39,4
7932,2644,8,5
7933,2645,11,2
7934,2645,25,1
7935,2645,7,1
7936,2646,32,1
7937,2646,10,4
7938,2646,7,3
7939,2647,42,5
7940,2647,15,5
7941,2647,44,5
7942,2648,41,2
7943,2648,46,1
7944,2648,32,4
7945,2649,46,3
7946,2649,35,3
7947,2649,50,4
7948,2650,31,2
7949,2650,21,4
7950,2650,49,3
7951,2651,9,2
7952,2651,14,2
7953,2651,45,2
7954,2652,10,2
7955,2652,46,5
7956,2652,2,1
7957,2653,49,5
7958,2653,19,3
7959,2653,10,3
7960,2654,36,5
7961,2654,10,2
7962,2654,12,3
7963,2655,26,1
7964,2655,25,2
7965,2655,40,3
7966,2656,14,3
7967,2656,42,1
7968,2656,25,2
7969,2657,41,4
7970,2657,16,1
7971,2657,42,1
7972,2658,35,1
7973,2658,18,4
7974,2658,44,4
7975,2659,18,1
7976,2659,16,1
7977,2659,32,3
7978,2660,15,5
7979,2660,20,1
7980,2660,42,5
7981,2661,21,2
7982,2661,1,1
7983,2661,15,4
7984,2662,12,4
7985,2662,43,1
7986,2662,33,3
7987,2663,43,4
7988,2663,15,5
7989,2663,47,4
7990,2664,43,3
7991,2664,25,1
7992,2664,21,3
7993,2665,31,1
7994,2665,24,3
7995,2665,17,5
7996,2666,5,2
7997,2666,41,1
7998,2666,24,1
7999,2667,28,3
8000,2667,5,1
8001,2667,37,3
8002,2668,22,4
8003,2668,18,1
8004,2668,37,1
8005,2669,37,4
8006,2669,38,2
8007,2669,38,3
8008,2670,29,5
8009,2670,32,3
8010,2670,12,1
8011,2671,31,1
8012,2671,9,1
8013,2671,17,2
8014,2672,28,2
8015,2672,43,1
8016,2672,5,5
8017,2673,42,4
8018,2673,7,2
8019,2673,47,1
8020,2674,10,3
8021,2674,5,2
8022,2674,37,2
8023,2675,49,4
8024,2675,40,4
8025,2675,30,5
8026,2676,37,4
8027,2676,26,1
8028,2676,37,5
8029,2677,31,2
8030,2677,5,2
8031,2677,28,4
8032,2678,31,2
8033,2678,6,5
8034,2678,50,2
8035,2679,9,4
8036,2679,42,4
8037,2679,44,1
8038,2680,30,3
8039,2680,45,5
8040,2680,34,5
8041,2681,40,4
8042,2681,42,5
8043,2681,27,3
8044,2682,16,2
8045,2682,41,5
8046,2682,45,3
8047,2683,13,1
8048,2683,39,1
8049,2683,41,4
8050,2684,22,3
8051,2684,13,1
8052,2684,33,5
8053,2685,41,3
8054,2685,12,2
8055,2685,8,2
8056,2686,3,2
8057,2686,8,5
8058,2686,5,3
8059,2687,2,3
8060,2687,32,4
8061,2687,18,3
8062,2688,37,4
8063,2688,19,4
8064,2688,1,1
8065,2689,1,2
8066,2689,27,5
8067,2689,30,4
8068,2690,20,3
8069,2690,35,4
8070,2690,32,4
8071,2691,20,5
8072,2691,29,5
8073,2691,29,3
8074,2692,6,4
8075,2692,13,4
8076,2692,23,4
8077,2693,45,1
8078,2693,17,3
8079,2693,3,1
8080,2694,27,2
8081,2694,23,3
8082,2694,45,2
8083,2695,31,2
8084,2695,3,5
8085,2695,48,4
8086,2696,18,5
8087,2696,28,5
8088,2696,12,4
8089,2697,29,1
8090,2697,8,5
8091,2697,42,3
8092,2698,9,5
8093,2698,45,4
8094,2698,15,3
8095,2699,14,1
8096,2699,45,3
8097,2699,38,4
8098,2700,47,1
8099,2700,12,3
8100,2700,23,1
8101,2701,11,5
8102,2701,11,4
8103,2701,27,2
8104,2702,28,3
8105,2702,16,1
8106,2702,21,5
8107,2703,19,5
8108,2703,40,5
8109,2703,37,3
8110,2704,40,4
8111,2704,23,3
8112,2704,27,4
8113,2705,16,3
8114,2705,22,3
8115,2705,19,2
8116,2706,20,3
8117,2706,5,3
8118,2706,40,1
8119,2707,26,5
8120,2707,39,5
8121,2707,16,5
8122,2708,16,3
8123,2708,18,5
8124,2708,29,3
8125,2709,15,5
8126,2709,18,4
8127,2709,17,1
8128,2710,34,5
8129,2710,11,2
8130,2710,15,1
8131,2711,38,3
8132,2711,33,4
8133,2711,9,5
8134,2712,47,4
8135,2712,47,2
8136,2712,37,5
8137,2713,42,5
8138,2713,38,3
8139,2713,7,2
8140,2714,11,1
8141,2714,1,5
8142,2714,29,2
8143,2715,4,2
8144,2715,8,4
8145,2715,49,1
8146,2716,31,3
8147,2716,20,5
8148,2716,23,2
8149,2717,19,4
8150,2717,24,3
8151,2717,31,5
8152,2718,9,2
8153,2718,3,2
8154,2718,1,1
8155,2719,20,3
8156,2719,37,4
8157,2719,20,4
8158,2720,5,2
8159,2720,47,5
8160,2720,15,5
8161,2721,4,1
8162,2721,10,3
8163,2721,7,2
8164,2722,50,1
8165,2722,14,4
8166,2722,22,4
8167,2723,23,5
8168,2723,46,5
8169,2723,26,2
8170,2724,22,5
8171,2724,22,4
8172,2724,1,5
8173,2725,28,1
8174,2725,37,5
8175,2725,14,1
8176,2726,17,3
8177,2726,36,3
8178,2726,13,3
8179,2727,45,3
8180,2727,26,4
8181,2727,15,1
8182,2728,5,2
8183,2728,35,5
8184,2728,24,1
8185,2729,14,3
8186,2729,12,2
8187,2729,27,2
8188,2730,43,2
8189,2730,3,2
8190,2730,13,3
8191,2731,30,3
8192,2731,12,3
8193,2731,27,2
8194,2732,42,1
8195,2732,2,3
8196,2732,15,4
8197,2733,46,5
8198,2733,27,5
8199,2733,48,4
8200,2734,35,1
8201,2734,3,5
8202,2734,42,3
8203,2735,46,2
8204,2735,37,3
8205,2735,25,5
8206,2736,4,2
8207,2736,42,1
8208,2736,42,4
8209,2737,29,3
8210,2737,5,4
8211,2737,17,2
8212,2738,3,3
8213,2738,14,3
8214,2738,4,2
8215,2739,15,5
8216,2739,24,1
8217,2739,11,2
8218,2740,36,5
8219,2740,18,4
8220,2740,26,3
8221,2741,12,4
8222,2741,49,3
8223,2741,47,2
8224,2742,13,2
8225,2742,9,5
8226,2742,10,5
8227,2743,15,1
8228,2743,9,1
8229,2743,9,3
8230,2744,26,5
8231,2744,7,2
8232,2744,14,1
8233,2745,15,1
8234,2745,15,2
8235,2745,17,4
8236,2746,30,4
8237,2746,5,1
8238,2746,43,4
8239,2747,30,3
8240,2747,1,4
8241,2747,28,2
8242,2748,50,4
8243,2748,40,5
8244,2748,23,3
8245,2749,16,1
8246,2749,12,3
8247,2749,42,3
8248,2750,14,1
8249,2750,6,2
8250,2750,15,5
8251,2751,36,3
8252,2751,32,2
8253,2751,16,1
8254,2752,14,3
8255,2752,46,2
8256,2752,3,2
8257,2753,35,3
8258,2753,30,1
8259,2753,38,1
8260,2754,6,4
8261,2754,46,2
8262,2754,11,2
8263,2755,19,1
8264,2755,24,1
8265,2755,29,4
8266,2756,17,5
8267,2756,30,1
8268,2756,31,4
8269,2757,21,3
8270,2757,27,1
8271,2757,40,5
8272,2758,12,3
8273,2758,4,4
8274,2758,24,5
8275,2759,15,5
8276,2759,29,2
8277,2759,44,4
8278,2760,41,2
8279,2760,22,5
8280,2760,5,2
8281,2761,10,3
8282,2761,39,1
8283,2761,38,3
8284,2762,25,4
8285,2762,49,5
8286,2762,19,3
8287,2763,33,2
8288,2763,16,4
8289,2763,16,2
8290,2764,29,5
8291,2764,50,1
8292,2764,12,1
8293,2765,9,1
8294,2765,6,1
8295,2765,8,5
8296,2766,30,5
8297,2766,3,2
8298,2766,45,3
8299,2767,45,5
8300,2767,27,5
8301,2767,4,1
8302,2768,30,1
8303,2768,32,3
8304,2768,45,1
8305,2769,41,2
8306,2769,39,2
8307,2769,23,1
8308,2770,38,5
8309,2770,40,3
8310,2770,45,3
8311,2771,12,5
8312,2771,21,1
8313,2771,32,1
8314,2772,12,2
8315,2772,10,4
8316,2772,25,3
8317,2773,16,2
8318,2773,36,4
8319,2773,12,2
8320,2774,2,3
8321,2774,19,2
8322,2774,10,1
8323,2775,25,2
8324,2775,25,3
8325,2775,44,3
8326,2776,38,4
8327,2776,13,2
8328,2776,48,1
8329,2777,45,5
8330,2777,13,2
8331,2777,19,3
8332,2778,20,4
8333,2778,2,3
8334,2778,33,5
8335,2779,32,5
8336,2779,39,5
8337,2779,22,1
8338,2780,18,4
8339,2780,2,2
8340,2780,1,3
8341,2781,40,4
8342,2781,50,5
8343,2781,44,3
8344,2782,5,5
8345,2782,50,3
8346,2782,13,4
8347,2783,32,3
8348,2783,40,2
8349,2783,26,4
8350,2784,41,2
8351,2784,11,5
8352,2784,48,3
8353,2785,27,2
8354,2785,18,2
8355,2785,29,4
8356,2786,31,3
8357,2786,11,2
8358,2786,23,5
8359,2787,10,1
8360,2787,27,1
8361,2787,26,3
8362,2788,35,1
8363,2788,10,5
8364,2788,9,1
8365,2789,42,3
8366,2789,37,2
8367,2789,10,5
8368,2790,19,1
8369,2790,5,3
8370,2790,50,4
8371,2791,14,1
8372,2791,10,5
8373,2791,21,3
8374,2792,49,5
8375,2792,26,2
8376,2792,28,2
8377,2793,30,2
8378,2793,42,4
8379,2793,12,5
8380,2794,47,3
8381,2794,43,2
8382,2794,3,4
8383,2795,25,1
8384,2795,22,3
8385,2795,40,5
8386,2796,2,5
8387,2796,22,1
8388,2796,13,2
8389,2797,47,1
8390,2797,15,5
8391,2797,49,1
8392,2798,3,3
8393,2798,37,5
8394,2798,15,2
8395,2799,5,1
8396,2799,12,2
8397,2799,7,2
8398,2800,5,3
8399,2800,48,3
8400,2800,33,1
8401,2801,46,3
8402,2801,35,2
8403,2801,28,5
8404,2802,27,5
8405,2802,32,4
8406,2802,20,1
8407,2803,7,5
8408,2803,8,5
8409,2803,21,3
8410,2804,36,5
8411,2804,4,4
8412,2804,20,3
8413,2805,49,2
8414,2805,44,1
8415,2805,3,4
8416,2806,12,5
8417,2806,33,4
8418,2806,29,5
8419,2807,31,2
8420,2807,21,5
8421,2807,21,4
8422,2808,41,4
8423,2808,19,4
8424,2808,48,3
8425,2809,50,1
8426,2809,39,4
8427,2809,47,2
8428,2810,14,3
8429,2810,43,2
8430,2810,8,5
8431,2811,10,4
8432,2811,10,2
8433,2811,5,2
8434,2812,12,1
8435,2812,20,1
8436,2812,3,3
8437,2813,11,5
8438,2813,17,5
8439,2813,14,1
8440,2814,19,4
8441,2814,33,5
8442,2814,50,1
8443,2815,6,4
8444,2815,40,4
8445,2815,10,4
8446,2816,38,5
8447,2816,39,5
8448,2816,18,5
8449,2817,45,5
8450,2817,7,2
8451,2817,33,2
8452,2818,8,5
8453,2818,2,1
8454,2818,15,4
8455,2819,28,4
8456,2819,2,2
8457,2819,46,1
8458,2820,4,1
8459,2820,23,2
8460,2820,48,2
8461,2821,35,3
8462,2821,13,5
8463,2821,26,2
8464,2822,7,1
8465,2822,21,1
8466,2822,21,2
8467,2823,18,2
8468,2823,34,2
8469,2823,36,1
8470,2824,23,5
8471,2824,45,2
8472,2824,27,5
8473,2825,11,5
8474,2825,50,5
8475,2825,4,1
8476,2826,29,4
8477,2826,35,4
8478,2826,11,4
8479,2827,49,4
8480,2827,16,2
8481,2827,12,5
8482,2828,14,5
8483,2828,40,4
8484,2828,44,2
8485,2829,14,4
8486,2829,27,1
8487,2829,33,3
8488,2830,41,1
8489,2830,41,5
8490,2830,49,4
8491,2831,12,4
8492,2831,30,1
8493,2831,16,4
8494,2832,36,3
8495,2832,50,1
8496,2832,1,1
8497,2833,13,2
8498,2833,43,5
8499,2833,11,2
8500,2834,15,5
8501,2834,10,1
8502,2834,44,5
8503,2835,33,2
8504,2835,23,2
8505,2835,30,5
8506,2836,47,1
8507,2836,34,4
8508,2836,21,1
8509,2837,26,4
8510,2837,32,4
8511,2837,7,1
8512,2838,28,3
8513,2838,38,2
8514,2838,1,5
8515,2839,34,1
8516,2839,42,3
8517,2839,16,1
8518,2840,40,2
8519,2840,30,5
8520,2840,29,4
8521,2841,8,4
8522,2841,33,1
8523,2841,23,5
8524,2842,27,5
8525,2842,35,2
8526,2842,35,3
8527,2843,23,4
8528,2843,12,1
8529,2843,46,2
8530,2844,45,4
8531,2844,25,3
8532,2844,45,4
8533,2845,35,4
8534,2845,49,2
8535,2845,40,3
8536,2846,37,1
8537,2846,9,3
8538,2846,29,2
8539,2847,20,5
8540,2847,33,5
8541,2847,37,2
8542,2848,22,3
8543,2848,15,5
8544,2848,18,4
8545,2849,41,1
8546,2849,49,4
8547,2849,48,3
8548,2850,9,5
8549,2850,39,1
8550,2850,29,3
8551,2851,41,4
8552,2851,10,5
8553,2851,27,4
8554,2852,38,3
8555,2852,5,4
8556,2852,37,5
8557,2853,26,4
8558,2853,2,5
8559,2853,1,5
8560,2854,39,4
8561,2854,20,4
8562,2854,17,5
8563,2855,23,5
8564,2855,37,3
8565,2855,26,3
8566,2856,5,5
8567,2856,13,5
8568,2856,33,3
8569,2857,8,4
8570,2857,30,2
8571,2857,19,4
8572,2858,34,3
8573,2858,14,4
8574,2858,47,5
8575,2859,35,5
8576,2859,7,4
8577,2859,19,5
8578,2860,35,1
8579,2860,17,3
8580,2860,21,1
8581,2861,39,2
8582,2861,43,5
8583,2861,26,1
8584,2862,21,2
8585,2862,8,1
8586,2862,11,4
8587,2863,9,4
8588,2863,3,4
8589,2863,26,3
8590,2864,36,5
8591,2864,4,1
8592,2864,35,2
8593,2865,18,5
8594,2865,17,3
8595,2865,34,1
8596,2866,50,2
8597,2866,1,5
8598,2866,35,5
8599,2867,36,2
8600,2867,43,1
8601,2867,22,4
8602,2868,20,5
8603,2868,36,2
8604,2868,40,5
8605,2869,48,4
8606,2869,17,1
8607,2869,36,3
8608,2870,27,2
8609,2870,1,2
8610,2870,29,3
8611,2871,1,1
8612,2871,1,2
8613,2871,3,3
8614,2872,47,4
8615,2872,49,4
8616,2872,7,5
8617,2873,50,5
8618,2873,23,2
8619,2873,2,3
8620,2874,25,3
8621,2874,7,5
8622,2874,17,5
8623,2875,13,4
8624,2875,35,3
8625,2875,28,4
8626,2876,37,1
8627,2876,33,4
8628,2876,47,1
8629,2877,42,1
8630,2877,34,4
8631,2877,11,4
8632,2878,42,1
8633,2878,2,1
8634,2878,41,2
8635,2879,28,3
8636,2879,45,1
8637,2879,4,2
8638,2880,18,3
8639,2880,20,3
8640,2880,9,5
8641,2881,39,1
8642,2881,26,4
8643,2881,18,3
8644,2882,28,5
8645,2882,26,3
8646,2882,11,3
8647,2883,3,4
8648,2883,10,2
8649,2883,8,3
8650,2884,23,5
8651,2884,39,4
8652,2884,31,2
8653,2885,21,4
8654,2885,50,2
8655,2885,12,2
8656,2886,8,5
8657,2886,1,3
8658,2886,16,2
8659,2887,41,3
8660,2887,29,1
8661,2887,17,4
8662,2888,20,4
8663,2888,25,3
8664,2888,35,3
8665,2889,44,3
8666,2889,24,5
8667,2889,15,5
8668,2890,28,3
8669,2890,11,1
8670,2890,15,5
8671,2891,15,3
8672,2891,1,4
8673,2891,6,2
8674,2892,19,3
8675,2892,47,3
8676,2892,14,1
8677,2893,11,5
8678,2893,4,1
8679,2893,48,2
8680,2894,26,2
8681,2894,43,2
8682,2894,6,1
8683,2895,46,4
8684,2895,16,2
8685,2895,41,4
8686,2896,32,2
8687,2896,28,3
8688,2896,35,5
8689,2897,47,2
8690,2897,40,3
8691,2897,36,3
8692,2898,46,3
8693,2898,36,3
8694,2898,11,2
8695,2899,38,3
8696,2899,11,3
8697,2899,9,3
8698,2900,7,4
8699,2900,8,5
8700,2900,21,4
8701,2901,24,5
8702,2901,6,4
8703,2901,5,1
8704,2902,22,1
8705,2902,34,1
8706,2902,24,3
8707,2903,39,1
8708,2903,17,4
8709,2903,30,3
8710,2904,18,4
8711,2904,15,3
8712,2904,41,2
8713,2905,23,2
8714,2905,20,4
8715,2905,34,3
8716,2906,8,4
8717,2906,8,3
8718,2906,38,3
8719,2907,45,5
8720,2907,30,2
8721,2907,17,3
8722,2908,39,2
8723,2908,3,3
8724,2908,15,4
8725,2909,33,5
8726,2909,2,2
8727,2909,13,1
8728,2910,34,2
8729,2910,27,1
8730,2910,5,2
8731,2911,16,5
8732,2911,39,2
8733,2911,28,1
8734,2912,33,4
8735,2912,33,5
8736,2912,12,5
8737,2913,5,3
8738,2913,12,4
8739,2913,35,4
8740,2914,13,1
8741,2914,19,5
8742,2914,28,2
8743,2915,21,1
8744,2915,21,2
8745,2915,8,4
8746,2916,45,3
8747,2916,27,3
8748,2916,43,2
8749,2917,21,2
8750,2917,31,5
8751,2917,4,1
8752,2918,33,5
8753,2918,7,3
8754,2918,28,4
8755,2919,13,3
8756,2919,18,4
8757,2919,32,1
8758,2920,48,4
8759,2920,29,4
8760,2920,11,5
8761,2921,26,5
8762,2921,5,3
8763,2921,15,2
8764,2922,26,2
8765,2922,38,5
8766,2922,37,3
8767,2923,25,4
8768,2923,17,3
8769,2923,4,5
8770,2924,38,5
8771,2924,38,1
8772,2924,45,1
8773,2925,8,1
8774,2925,35,5
8775,2925,36,3
8776,2926,31,2
8777,2926,37,1
8778,2926,35,2
8779,2927,44,3
8780,2927,11,1
8781,2927,46,1
8782,2928,35,5
8783,2928,27,5
8784,2928,19,3
8785,2929,11,3
8786,2929,25,3
8787,2929,48,5
8788,2930,50,5
8789,2930,20,5
8790,2930,49,5
8791,2931,47,4
8792,2931,38,3
8793,2931,29,2
8794,2932,36,3
8795,2932,50,4
8796,2932,22,5
8797,2933,23,5
8798,2933,9,5
8799,2933,48,1
8800,2934,38,1
8801,2934,12,2
8802,2934,5,4
8803,2935,48,5
8804,2935,30,5
8805,2935,39,1
8806,2936,9,3
8807,2936,34,5
8808,2936,13,5
8809,2937,29,1
8810,2937,30,1
8811,2937,22,5
8812,2938,34,3
8813,2938,17,3
8814,2938,7,3
8815,2939,14,4
8816,2939,32,2
8817,2939,34,4
8818,2940,34,1
8819,2940,6,2
8820,2940,47,2
8821,2941,41,1
8822,2941,14,5
8823,2941,33,3
8824,2942,49,4
8825,2942,35,1
8826,2942,50,1
8827,2943,37,2
8828,2943,40,4
8829,2943,35,1
8830,2944,18,3
8831,2944,37,1
8832,2944,2,5
8833,2945,43,5
8834,2945,41,2
8835,2945,7,4
8836,2946,30,5
8837,2946,4,3
8838,2946,21,2
8839,2947,36,4
8840,2947,28,5
8841,2947,14,2
8842,2948,24,1
8843,2948,41,3
8844,2948,48,5
8845,2949,35,1
8846,2949,49,4
8847,2949,48,1
8848,2950,50,3
8849,2950,13,2
8850,2950,44,4
8851,2951,2,1
8852,2951,8,5
8853,2951,16,5
8854,2952,6,1
8855,2952,16,5
8856,2952,9,5
8857,2953,31,3
8858,2953,9,3
8859,2953,23,1
8860,2954,16,4
8861,2954,3,5
8862,2954,4,5
8863,2955,21,5
8864,2955,7,5
8865,2955,46,1
8866,2956,3,3
8867,2956,21,1
8868,2956,9,3
8869,2957,14,4
8870,2957,14,4
8871,2957,5,3
8872,2958,45,5
8873,2958,32,2
8874,2958,25,4
8875,2959,9,4
8876,2959,6,2
8877,2959,45,3
8878,2960,33,5
8879,2960,26,5
8880,2960,16,2
8881,2961,23,2
8882,2961,40,1
8883,2961,46,1
8884,2962,41,3
8885,2962,35,3
8886,2962,49,4
8887,2963,6,3
8888,2963,41,3
8889,2963,29,2
8890,2964,6,3
8891,2964,25,4
8892,2964,16,5
8893,2965,32,5
8894,2965,12,3
8895,2965,23,1
8896,2966,7,4
8897,2966,19,2
8898,2966,26,5
8899,2967,3,2
8900,2967,33,2
8901,2967,31,4
8902,2968,12,4
8903,2968,2,2
8904,2968,35,5
8905,2969,27,4
8906,2969,27,1
8907,2969,22,2
8908,2970,19,2
8909,2970,34,1
8910,2970,25,3
8911,2971,17,1
8912,2971,46,4
8913,2971,5,1
8914,2972,7,5
8915,2972,45,4
8916,2972,21,2
8917,2973,22,5
8918,2973,41,3
8919,2973,27,3
8920,2974,3,3
8921,2974,8,1
8922,2974,13,5
8923,2975,35,1
8924,2975,9,4
8925,2975,14,1
8926,2976,17,2
8927,2976,32,4
8928,2976,14,4
8929,2977,9,5
8930,2977,7,3
8931,2977,41,3
8932,2978,44,3
8933,2978,30,1
8934,2978,34,5
8935,2979,15,5
8936,2979,21,2
8937,2979,2,5
8938,2980,27,5
8939,2980,3,4
8940,2980,32,4
8941,2981,17,5
8942,2981,41,1
8943,2981,37,2
8944,2982,12,5
8945,2982,35,3
8946,2982,40,5
8947,2983,30,3
8948,2983,21,3
8949,2983,8,2
8950,2984,50,3
8951,2984,35,4
8952,2984,9,4
8953,2985,8,4
8954,2985,18,2
8955,2985,2,4
8956,2986,36,5
8957,2986,8,1
8958,2986,49,4
8959,2987,18,1
8960,2987,13,3
8961,2987,14,5
8962,2988,33,5
8963,2988,5,5
8964,2988,32,2
8965,2989,36,4
8966,2989,29,3
8967,2989,33,2
8968,2990,47,2
8969,2990,14,4
8970,2990,19,4
8971,2991,29,1
8972,2991,17,1
8973,2991,15,1
8974,2992,39,1
8975,2992,40,1
8976,2992,23,2
8977,2993,33,4
8978,2993,2,2
8979,2993,35,2
8980,2994,26,2
8981,2994,23,3
8982,2994,11,1
8983,2995,17,1
8984,2995,42,2
8985,2995,15,1
8986,2996,40,1
8987,2996,47,3
8988,2996,29,4
8989,2997,9,1
8990,2997,18,3
8991,2997,5,1
8992,2998,4,4
8993,2998,45,5
8994,2998,46,3
8995,2999,7,5
8996,2999,14,2
8997,2999,18,3
8998,3000,50,2
8999,3000,36,1
9000,3000,4,5
9001,3001,31,5
9002,3001,20,1
9003,3001,41,2
9004,3002,10,3
9005,3002,35,4
9006,3002,2,5
9007,3003,47,5
9008,3003,31,2
9009,3003,48,4
9010,3004,17,5
9011,3004,27,2
9012,3004,12,2
9013,3005,24,1
9014,3005,32,3
9015,3005,10,2
9016,3006,19,1
9017,3006,17,2
9018,3006,12,4
9019,3007,7,1
9020,3007,35,5
9021,3007,4,1
9022,3008,13,3
9023,3008,25,5
9024,3008,28,1
9025,3009,45,4
9026,3009,14,1
9027,3009,31,1
9028,3010,10,5
9029,3010,26,4
9030,3010,45,2
9031,3011,4,2
9032,3011,50,1
9033,3011,3,5
9034,3012,22,2
9035,3012,26,4
9036,3012,47,2
9037,3013,5,5
9038,3013,24,2
9039,3013,27,5
9040,3014,38,1
9041,3014,1,3
9042,3014,30,4
9043,3015,39,3
9044,3015,2,1
9045,3015,7,4
9046,3016,16,2
9047,3016,22,5
9048,3016,1,1
9049,3017,30,2
9050,3017,40,4
9051,3017,6,2
9052,3018,49,1
9053,3018,42,4
9054,3018,11,2
9055,3019,6,1
9056,3019,14,5
9057,3019,25,5
9058,3020,3,5
9059,3020,31,1
9060,3020,42,4
9061,3021,32,2
9062,3021,12,1
9063,3021,2,3
9064,3022,21,3
9065,3022,48,4
9066,3022,8,4
9067,3023,8,5
9068,3023,11,5
9069,3023,5,4
9070,3024,1,4
9071,3024,17,3
9072,3024,16,4
9073,3025,4,2
9074,3025,15,3
9075,3025,19,2
9076,3026,12,3
9077,3026,10,1
9078,3026,42,4
9079,3027,1,2
9080,3027,22,2
9081,3027,14,5
9082,3028,18,1
9083,3028,10,1
9084,3028,38,3
9085,3029,20,4
9086,3029,31,2
9087,3029,25,5
9088,3030,2,2
9089,3030,44,2
9090,3030,27,3
9091,3031,21,1
9092,3031,15,2
9093,3031,31,4
9094,3032,6,4
9095,3032,39,3
9096,3032,47,5
9097,3033,2,2
9098,3033,18,3
9099,3033,45,3
9100,3034,38,5
9101,3034,23,1
9102,3034,25,1
9103,3035,9,1
9104,3035,7,5
9105,3035,43,1
9106,3036,21,5
9107,3036,38,1
9108,3036,11,4
9109,3037,35,4
9110,3037,49,3
9111,3037,47,5
9112,3038,35,4
9113,3038,17,4
9114,3038,36,4
9115,3039,33,4
9116,3039,9,2
9117,3039,30,4
9118,3040,4,1
9119,3040,33,5
9120,3040,18,3
9121,3041,30,3
9122,3041,2,5
9123,3041,48,2
9124,3042,29,5
9125,3042,6,5
9126,3042,8,5
9127,3043,3,4
9128,3043,19,5
9129,3043,37,2
9130,3044,6,4
9131,3044,20,1
9132,3044,4,4
9133,3045,37,5
9134,3045,50,2
9135,3045,26,5
9136,3046,47,2
9137,3046,13,3
9138,3046,15,3
9139,3047,35,3
9140,3047,33,4
9141,3047,18,4
9142,3048,3,5
9143,3048,11,1
9144,3048,15,5
9145,3049,34,4
9146,3049,21,3
9147,3049,28,2
9148,3050,10,1
9149,3050,11,1
9150,3050,11,2
9151,3051,48,4
9152,3051,44,2
9153,3051,1,3
9154,3052,22,1
9155,3052,14,2
9156,3052,1,1
9157,3053,2,1
9158,3053,36,5
9159,3053,25,2
9160,3054,19,4
9161,3054,30,2
9162,3054,38,1
9163,3055,40,1
9164,3055,1,5
9165,3055,34,5
9166,3056,50,5
9167,3056,6,1
9168,3056,17,1
9169,3057,26,1
9170,3057,2,5
9171,3057,6,4
9172,3058,37,2
9173,3058,16,2
9174,3058,44,4
9175,3059,13,4
9176,3059,48,5
9177,3059,44,5
9178,3060,50,5
9179,3060,47,4
9180,3060,48,5
9181,3061,3,4
9182,3061,1,5
9183,3061,47,3
9184,3062,20,5
9185,3062,6,5
9186,3062,28,4
9187,3063,17,4
9188,3063,16,1
9189,3063,4,1
9190,3064,39,5
9191,3064,33,3
9192,3064,44,2
9193,3065,16,4
9194,3065,8,1
9195,3065,47,2
9196,3066,29,1
9197,3066,7,5
9198,3066,6,3
9199,3067,6,5
9200,3067,36,3
9201,3067,45,3
9202,3068,22,5
9203,3068,10,5
9204,3068,20,2
9205,3069,2,2
9206,3069,41,3
9207,3069,43,1
9208,3070,5,3
9209,3070,14,3
9210,3070,49,2
9211,3071,18,4
9212,3071,27,1
9213,3071,29,3
9214,3072,25,5
9215,3072,39,5
9216,3072,17,3
9217,3073,38,3
9218,3073,26,4
9219,3073,29,2
9220,3074,46,1
9221,3074,7,1
9222,3074,36,2
9223,3075,18,1
9224,3075,9,5
9225,3075,6,5
9226,3076,10,2
9227,3076,42,2
9228,3076,33,4
9229,3077,39,3
9230,3077,1,2
9231,3077,26,2
9232,3078,3,5
9233,3078,23,5
9234,3078,5,4
9235,3079,17,3
9236,3079,9,4
9237,3079,15,3
9238,3080,41,2
9239,3080,27,3
9240,3080,11,2
9241,3081,23,4
9242,3081,2,1
9243,3081,19,1
9244,3082,11,5
9245,3082,7,5
9246,3082,9,5
9247,3083,45,3
9248,3083,7,5
9249,3083,8,4
9250,3084,5,2
9251,3084,41,3
9252,3084,23,5
9253,3085,2,3
9254,3085,43,4
9255,3085,8,1
9256,3086,4,4
9257,3086,39,2
9258,3086,15,1
9259,3087,17,4
9260,3087,27,1
9261,3087,4,1
9262,3088,9,5
9263,3088,16,5
9264,3088,10,4
9265,3089,6,1
9266,3089,6,2
9267,3089,13,2
9268,3090,37,4
9269,3090,5,3
9270,3090,6,2
9271,3091,2,3
9272,3091,35,3
9273,3091,1,4
9274,3092,48,4
9275,3092,28,3
9276,3092,15,3
9277,3093,20,4
9278,3093,47,1
9279,3093,20,2
9280,3094,10,4
9281,3094,27,2
9282,3094,41,3
9283,3095,25,1
9284,3095,7,5
9285,3095,6,3
9286,3096,16,1
9287,3096,24,4
9288,3096,47,2
9289,3097,47,3
9290,3097,32,2
9291,3097,17,2
9292,3098,23,5
9293,3098,27,1
9294,3098,32,4
9295,3099,35,2
9296,3099,11,3
9297,3099,49,1
9298,3100,48,2
9299,3100,30,2
9300,3100,26,4
9301,3101,1,5
9302,3101,26,4
9303,3101,46,4
9304,3102,23,4
9305,3102,10,2
9306,3102,18,1
9307,3103,40,4
9308,3103,27,5
9309,3103,29,5
9310,3104,18,5
9311,3104,19,4
9312,3104,30,1
9313,3105,43,2
9314,3105,38,1
9315,3105,41,2
9316,3106,24,1
9317,3106,3,4
9318,3106,7,5
9319,3107,20,5
9320,3107,37,4
9321,3107,20,2
9322,3108,9,2
9323,3108,21,3
9324,3108,14,3
9325,3109,4,3
9326,3109,47,4
9327,3109,48,4
9328,3110,36,2
9329,3110,8,2
9330,3110,6,3
9331,3111,41,4
9332,3111,17,5
9333,3111,48,3
9334,3112,11,3
9335,3112,17,5
9336,3112,12,1
9337,3113,26,3
9338,3113,19,1
9339,3113,50,1
9340,3114,7,5
9341,3114,32,2
9342,3114,35,5
9343,3115,6,5
9344,3115,10,4
9345,3115,16,1
9346,3116,43,4
9347,3116,15,3
9348,3116,15,3
9349,3117,44,5
9350,3117,19,5
9351,3117,33,2
9352,3118,47,1
9353,3118,34,5
9354,3118,18,5
9355,3119,27,5
9356,3119,2,4
9357,3119,26,3
9358,3120,50,1
9359,3120,23,1
9360,3120,7,1
9361,3121,12,1
9362,3121,11,3
9363,3121,20,2
9364,3122,43,3
9365,3122,6,2
9366,3122,16,1
9367,3123,8,4
9368,3123,4,3
9369,3123,40,5
9370,3124,28,1
9371,3124,16,4
9372,3124,10,1
9373,3125,46,5
9374,3125,25,1
9375,3125,4,2
9376,3126,11,1
9377,3126,45,2
9378,3126,7,5
9379,3127,29,5
9380,3127,38,5
9381,3127,39,1
9382,3128,6,1
9383,3128,18,1
9384,3128,1,2
9385,3129,20,4
9386,3129,8,2
9387,3129,7,4
9388,3130,48,1
9389,3130,38,4
9390,3130,49,5
9391,3131,27,1
9392,3131,50,1
9393,3131,41,4
9394,3132,10,3
9395,3132,44,5
9396,3132,49,1
9397,3133,47,5
9398,3133,17,1
9399,3133,38,3
9400,3134,41,4
9401,3134,34,3
9402,3134,24,1
9403,3135,41,1
9404,3135,5,2
9405,3135,29,3
9406,3136,15,3
9407,3136,34,2
9408,3136,46,1
9409,3137,2,4
9410,3137,11,5
9411,3137,34,4
9412,3138,34,1
9413,3138,31,2
9414,3138,50,4
9415,3139,39,1
9416,3139,46,2
9417,3139,30,1
9418,3140,27,1
9419,3140,28,1
9420,3140,36,5
9421,3141,8,5
9422,3141,31,2
9423,3141,9,2
9424,3142,44,5
9425,3142,49,5
9426,3142,41,4
9427,3143,17,4
9428,3143,32,1
9429,3143,35,2
9430,3144,32,3
9431,3144,15,1
9432,3144,29,4
9433,3145,36,1
9434,3145,1,2
9435,3145,19,5
9436,3146,1,5
9437,3146,24,3
9438,3146,30,5
9439,3147,3,1
9440,3147,11,3
9441,3147,43,3
9442,3148,13,2
9443,3148,14,4
9444,3148,12,2
9445,3149,8,4
9446,3149,38,1
9447,3149,25,5
9448,3150,43,4
9449,3150,36,3
9450,3150,30,3
9451,3151,26,4
9452,3151,2,4
9453,3151,29,3
9454,3152,5,4
9455,3152,40,1
9456,3152,16,5
9457,3153,24,2
9458,3153,6,3
9459,3153,4,1
9460,3154,27,3
9461,3154,10,4
9462,3154,5,1
9463,3155,31,1
9464,3155,14,2
9465,3155,24,1
9466,3156,42,5
9467,3156,50,3
9468,3156,11,3
9469,3157,14,1
9470,3157,40,5
9471,3157,15,5
9472,3158,9,3
9473,3158,35,3
9474,3158,33,1
9475,3159,15,1
9476,3159,1,3
9477,3159,7,4
9478,3160,39,1
9479,3160,1,3
9480,3160,15,1
9481,3161,10,1
9482,3161,24,1
9483,3161,25,4
9484,3162,47,3
9485,3162,49,5
9486,3162,25,3
9487,3163,26,2
9488,3163,15,5
9489,3163,22,2
9490,3164,20,5
9491,3164,6,1
9492,3164,1,3
9493,3165,2,1
9494,3165,49,3
9495,3165,32,4
9496,3166,17,2
9497,3166,32,5
9498,3166,38,4
9499,3167,8,3
9500,3167,31,2
9501,3167,36,3
9502,3168,21,1
9503,3168,9,5
9504,3168,50,1
9505,3169,29,4
9506,3169,22,1
9507,3169,9,2
9508,3170,38,3
9509,3170,49,5
9510,3170,32,5
9511,3171,7,3
9512,3171,24,3
9513,3171,10,4
9514,3172,41,1
9515,3172,49,5
9516,3172,30,2
9517,3173,15,4
9518,3173,2,2
9519,3173,19,3
9520,3174,28,3
9521,3174,50,3
9522,3174,28,4
9523,3175,30,2
9524,3175,3,3
9525,3175,5,4
9526,3176,7,1
9527,3176,30,2
9528,3176,4,5
9529,3177,30,1
9530,3177,24,4
9531,3177,17,4
9532,3178,35,2
9533,3178,31,1
9534,3178,14,1
9535,3179,32,3
9536,3179,20,2
9537,3179,34,1
9538,3180,50,2
9539,3180,29,3
9540,3180,5,3
9541,3181,33,3
9542,3181,46,4
9543,3181,43,2
9544,3182,25,1
9545,3182,11,5
9546,3182,12,3
9547,3183,17,4
9548,3183,44,5
9549,3183,26,2
9550,3184,29,2
9551,3184,36,5
9552,3184,20,1
9553,3185,29,4
9554,3185,28,3
9555,3185,9,1
9556,3186,29,4
9557,3186,44,2
9558,3186,10,4
9559,3187,5,2
9560,3187,22,2
9561,3187,47,5
9562,3188,26,4
9563,3188,27,2
9564,3188,23,5
9565,3189,9,2
9566,3189,34,4
9567,3189,47,5
9568,3190,31,5
9569,3190,4,4
9570,3190,43,1
9571,3191,17,5
9572,3191,34,4
9573,3191,38,2
9574,3192,12,1
9575,3192,45,3
9576,3192,50,3
9577,3193,50,2
9578,3193,17,1
9579,3193,23,1
9580,3194,44,5
9581,3194,39,2
9582,3194,31,2
9583,3195,37,4
9584,3195,48,1
9585,3195,21,5
9586,3196,29,4
9587,3196,17,1
9588,3196,21,2
9589,3197,44,3
9590,3197,27,4
9591,3197,4,4
9592,3198,33,5
9593,3198,30,4
9594,3198,46,3
9595,3199,23,3
9596,3199,11,4
9597,3199,5,5
9598,3200,46,1
9599,3200,16,5
9600,3200,17,2
9601,3201,12,4
9602,3201,14,4
9603,3201,48,2
9604,3202,30,2
9605,3202,12,1
9606,3202,46,2
9607,3203,12,2
9608,3203,31,1
9609,3203,7,1
9610,3204,30,3
9611,3204,42,4
9612,3204,28,5
9613,3205,8,4
9614,3205,7,4
9615,3205,11,1
9616,3206,50,3
9617,3206,11,5
9618,3206,35,3
9619,3207,8,3
9620,3207,18,5
9621,3207,26,5
9622,3208,36,2
9623,3208,3,3
9624,3208,12,1
9625,3209,28,5
9626,3209,1,2
9627,3209,38,2
9628,3210,12,1
9629,3210,12,4
9630,3210,37,5
9631,3211,1,1
9632,3211,18,2
9633,3211,44,4
9634,3212,18,4
9635,3212,5,1
9636,3212,28,5
9637,3213,2,1
9638,3213,29,4
9639,3213,49,1
9640,3214,14,1
9641,3214,26,2
9642,3214,29,1
9643,3215,22,1
9644,3215,3,3
9645,3215,38,2
9646,3216,14,2
9647,3216,27,4
9648,3216,12,3
9649,3217,18,4
9650,3217,37,2
9651,3217,8,4
9652,3218,11,5
9653,3218,18,4
9654,3218,28,2
9655,3219,36,1
9656,3219,35,2
9657,3219,37,1
9658,3220,48,4
9659,3220,49,3
9660,3220,17,1
9661,3221,11,3
9662,3221,40,5
9663,3221,36,3
9664,3222,7,5
9665,3222,15,5
9666,3222,15,2
9667,3223,30,2
9668,3223,49,4
9669,3223,12,5
9670,3224,6,2
9671,3224,37,1
9672,3224,25,2
9673,3225,23,1
9674,3225,20,5
9675,3225,28,1
9676,3226,9,4
9677,3226,46,4
9678,3226,29,4
9679,3227,42,3
9680,3227,11,4
9681,3227,11,5
9682,3228,42,3
9683,3228,23,2
9684,3228,38,4
9685,3229,17,5
9686,3229,48,5
9687,3229,24,1
9688,3230,29,1
9689,3230,33,5
9690,3230,28,3
9691,3231,1,4
9692,3231,48,4
9693,3231,24,4
9694,3232,2,2
9695,3232,3,5
9696,3232,1,1
9697,3233,37,2
9698,3233,39,1
9699,3233,11,2
9700,3234,50,1
9701,3234,24,3
9702,3234,16,5
9703,3235,3,3
9704,3235,17,5
9705,3235,37,1
9706,3236,38,2
9707,3236,12,2
9708,3236,23,2
9709,3237,16,2
9710,3237,12,1
9711,3237,11,2
9712,3238,23,1
9713,3238,3,2
9714,3238,24,3
9715,3239,23,1
9716,3239,8,5
9717,3239,47,2
9718,3240,22,3
9719,3240,22,1
9720,3240,15,4
9721,3241,38,5
9722,3241,36,5
9723,3241,19,2
9724,3242,40,2
9725,3242,49,2
9726,3242,13,2
9727,3243,19,2
9728,3243,26,2
9729,3243,38,4
9730,3244,9,1
9731,3244,35,1
9732,3244,23,5
9733,3245,48,5
9734,3245,42,2
9735,3245,8,2
9736,3246,18,3
9737,3246,6,2
9738,3246,38,1
9739,3247,29,3
9740,3247,49,5
9741,3247,26,3
9742,3248,40,5
9743,3248,40,2
9744,3248,4,1
9745,3249,10,2
9746,3249,32,4
9747,3249,13,1
9748,3250,31,4
9749,3250,20,5
9750,3250,24,3
9751,3251,11,1
9752,3251,1,4
9753,3251,12,5
9754,3252,50,3
9755,3252,42,1
9756,3252,37,2
9757,3253,29,3
9758,3253,40,1
9759,3253,38,2
9760,3254,12,4
9761,3254,29,1
9762,3254,45,2
9763,3255,7,4
9764,3255,24,2
9765,3255,47,4
9766,3256,9,4
9767,3256,18,4
9768,3256,21,2
9769,3257,43,5
9770,3257,41,4
9771,3257,17,4
9772,3258,7,2
9773,3258,45,1
9774,3258,40,4
9775,3259,8,4
9776,3259,50,2
9777,3259,2,1
9778,3260,37,5
9779,3260,11,5
9780,3260,18,3
9781,3261,9,3
9782,3261,4,2
9783,3261,11,1
9784,3262,5,3
9785,3262,45,2
9786,3262,22,3
9787,3263,1,3
9788,3263,7,3
9789,3263,14,2
9790,3264,7,5
9791,3264,41,1
9792,3264,20,2
9793,3265,43,1
9794,3265,34,4
9795,3265,32,5
9796,3266,30,2
9797,3266,17,4
9798,3266,39,2
9799,3267,24,3
9800,3267,9,2
9801,3267,6,5
9802,3268,35,2
9803,3268,46,3
9804,3268,41,3
9805,3269,45,5
9806,3269,8,5
9807,3269,12,1
9808,3270,20,5
9809,3270,31,4
9810,3270,3,4
9811,3271,32,4
9812,3271,37,2
9813,3271,14,2
9814,3272,49,2
9815,3272,38,5
9816,3272,36,4
9817,3273,23,1
9818,3273,23,5
9819,3273,4,2
9820,3274,22,4
9821,3274,46,5
9822,3274,43,3
9823,3275,28,3
9824,3275,4,5
9825,3275,22,5
9826,3276,23,5
9827,3276,34,2
9828,3276,48,5
9829,3277,11,3
9830,3277,45,4
9831,3277,46,4
9832,3278,9,4
9833,3278,12,1
9834,3278,48,5
9835,3279,18,4
9836,3279,31,2
9837,3279,43,5
9838,3280,50,2
9839,3280,24,3
9840,3280,14,3
9841,3281,48,3
9842,3281,6,5
9843,3281,26,2
9844,3282,36,2
9845,3282,12,2
9846,3282,23,1
9847,3283,49,1
9848,3283,35,2
9849,3283,23,4
9850,3284,11,3
9851,3284,29,2
9852,3284,36,4
9853,3285,13,5
9854,3285,49,3
9855,3285,12,1
9856,3286,6,2
9857,3286,11,2
9858,3286,18,1
9859,3287,19,5
9860,3287,37,2
9861,3287,39,1
9862,3288,1,5
9863,3288,45,4
9864,3288,26,2
9865,3289,45,4
9866,3289,3,2
9867,3289,27,4
9868,3290,1,3
9869,3290,22,1
9870,3290,38,3
9871,3291,28,2
9872,3291,12,1
9873,3291,31,3
9874,3292,42,1
9875,3292,2,2
9876,3292,40,1
9877,3293,4,1
9878,3293,37,2
9879,3293,16,3
9880,3294,49,2
9881,3294,35,5
9882,3294,12,2
9883,3295,11,3
9884,3295,30,1
9885,3295,6,5
9886,3296,15,4
9887,3296,1,1
9888,3296,27,1
9889,3297,34,2
9890,3297,30,4
9891,3297,43,1
9892,3298,21,4
9893,3298,18,4
9894,3298,8,4
9895,3299,4,4
9896,3299,28,2
9897,3299,26,3
9898,3300,14,5
9899,3300,46,3
9900,3300,1,1
9901,3301,37,3
9902,3301,15,4
9903,3301,12,2
9904,3302,18,4
9905,3302,6,4
9906,3302,28,2
9907,3303,15,1
9908,3303,14,2
9909,3303,27,1
9910,3304,1,5
9911,3304,17,3
9912,3304,46,1
9913,3305,28,3
9914,3305,9,2
9915,3305,46,1
9916,3306,25,3
9917,3306,18,3
9918,3306,8,2
9919,3307,30,2
9920,3307,30,4
9921,3307,43,4
9922,3308,34,3
9923,3308,31,4
9924,3308,49,1
9925,3309,28,2
9926,3309,17,5
9927,3309,19,2
9928,3310,40,1
9929,3310,18,4
9930,3310,5,4
9931,3311,21,3
9932,3311,7,5
9933,3311,36,4
9934,3312,2,1
9935,3312,32,5
9936,3312,40,5
9937,3313,13,2
9938,3313,20,2
9939,3313,3,2
9940,3314,19,5
9941,3314,15,4
9942,3314,20,3
9943,3315,50,3
9944,3315,5,4
9945,3315,11,2
9946,3316,18,3
9947,3316,28,3
9948,3316,13,5
9949,3317,25,5
9950,3317,17,4
9951,3317,37,1
9952,3318,11,3
9953,3318,19,5
9954,3318,24,2
9955,3319,25,2
9956,3319,27,5
9957,3319,37,1
9958,3320,18,4
9959,3320,12,2
9960,3320,34,4
9961,3321,47,3
9962,3321,5,1
9963,3321,1,5
9964,3322,22,2
9965,3322,33,3
9966,3322,41,3
9967,3323,31,3
9968,3323,12,1
9969,3323,26,3
9970,3324,16,3
9971,3324,50,5
9972,3324,39,1
9973,3325,3,5
9974,3325,50,2
9975,3325,31,5
9976,3326,5,3
9977,3326,44,4
9978,3326,4,3
9979,3327,32,4
9980,3327,48,1
9981,3327,19,2
9982,3328,30,5
9983,3328,34,3
9984,3328,18,2
9985,3329,30,1
9986,3329,26,4
9987,3329,6,5
9988,3330,49,4
9989,3330,42,3
9990,3330,27,3
9991,3331,27,4
9992,3331,9,4
9993,3331,49,2
9994,3332,26,5
9995,3332,5,3
9996,3332,43,3
9997,3333,45,1
9998,3333,34,3
9999,3333,34,5
10000,3334,37,1
10001,3334,4,2
10002,3334,29,4
10003,3335,45,2
10004,3335,37,1
10005,3335,1,5
10006,3336,20,3
10007,3336,3,4
10008,3336,42,5
10009,3337,25,1
10010,3337,19,2
10011,3337,24,4
10012,3338,49,4
10013,3338,3,3
10014,3338,3,2
10015,3339,46,2
10016,3339,29,3
10017,3339,28,5
10018,3340,33,2
10019,3340,14,1
10020,3340,26,4
10021,3341,42,4
10022,3341,43,2
10023,3341,2,4
10024,3342,31,1
10025,3342,36,2
10026,3342,12,2
10027,3343,27,4
10028,3343,31,5
10029,3343,42,3
10030,3344,50,1
10031,3344,40,1
10032,3344,50,5
10033,3345,29,5
10034,3345,42,5
10035,3345,28,3
10036,3346,14,5
10037,3346,49,3
10038,3346,44,5
10039,3347,3,4
10040,3347,31,2
10041,3347,37,4
10042,3348,14,3
10043,3348,44,2
10044,3348,45,5
10045,3349,45,5
10046,3349,33,4
10047,3349,26,1
10048,3350,48,3
10049,3350,41,3
10050,3350,2,3
10051,3351,37,2
10052,3351,9,1
10053,3351,45,4
10054,3352,4,3
10055,3352,42,5
10056,3352,28,1
10057,3353,35,4
10058,3353,44,4
10059,3353,2,4
10060,3354,26,2
10061,3354,12,1
10062,3354,49,1
10063,3355,26,2
10064,3355,37,1
10065,3355,31,2
10066,3356,38,5
10067,3356,12,5
10068,3356,40,1
10069,3357,44,5
10070,3357,35,2
10071,3357,32,1
10072,3358,36,2
10073,3358,27,3
10074,3358,50,2
10075,3359,50,2
10076,3359,30,1
10077,3359,30,1
10078,3360,35,4
10079,3360,20,5
10080,3360,17,2
10081,3361,26,5
10082,3361,19,2
10083,3361,2,2
10084,3362,46,5
10085,3362,35,2
10086,3362,6,2
10087,3363,21,3
10088,3363,44,5
10089,3363,45,1
10090,3364,8,3
10091,3364,23,5
10092,3364,40,4
10093,3365,29,1
10094,3365,25,5
10095,3365,12,1
10096,3366,40,3
10097,3366,35,4
10098,3366,13,1
10099,3367,24,3
10100,3367,39,5
10101,3367,11,3
10102,3368,15,5
10103,3368,33,3
10104,3368,43,2
10105,3369,4,2
10106,3369,45,1
10107,3369,30,5
10108,3370,8,4
10109,3370,31,5
10110,3370,1,4
10111,3371,41,4
10112,3371,42,3
10113,3371,43,2
10114,3372,44,1
10115,3372,22,5
10116,3372,38,1
10117,3373,7,4
10118,3373,42,3
10119,3373,50,5
10120,3374,47,2
10121,3374,42,5
10122,3374,6,3
10123,3375,1,2
10124,3375,29,1
10125,3375,8,4
10126,3376,4,5
10127,3376,10,4
10128,3376,41,3
10129,3377,3,4
10130,3377,4,2
10131,3377,2,5
10132,3378,41,5
10133,3378,3,5
10134,3378,41,1
10135,3379,30,2
10136,3379,26,2
10137,3379,34,2
10138,3380,39,4
10139,3380,36,2
10140,3380,42,3
10141,3381,20,5
10142,3381,21,1
10143,3381,43,1
10144,3382,30,2
10145,3382,34,5
10146,3382,43,5
10147,3383,22,5
10148,3383,12,4
10149,3383,41,3
10150,3384,6,1
10151,3384,27,5
10152,3384,1,4
10153,3385,38,1
10154,3385,47,5
10155,3385,25,1
10156,3386,11,4
10157,3386,26,4
10158,3386,9,1
10159,3387,36,1
10160,3387,34,2
10161,3387,2,2
10162,3388,40,1
10163,3388,30,1
10164,3388,41,2
10165,3389,27,2
10166,3389,44,3
10167,3389,18,3
10168,3390,14,3
10169,3390,39,4
10170,3390,41,2
10171,3391,42,3
10172,3391,22,5
10173,3391,44,4
10174,3392,1,1
10175,3392,12,1
10176,3392,48,3
10177,3393,43,2
10178,3393,20,2
10179,3393,43,3
10180,3394,14,4
10181,3394,39,1
10182,3394,38,1
10183,3395,10,2
10184,3395,30,3
10185,3395,16,1
10186,3396,12,5
10187,3396,18,5
10188,3396,29,4
10189,3397,46,1
10190,3397,16,5
10191,3397,25,4
10192,3398,1,2
10193,3398,49,3
10194,3398,16,4
10195,3399,21,2
10196,3399,49,3
10197,3399,3,3
10198,3400,23,2
10199,3400,45,4
10200,3400,17,5
10201,3401,49,1
10202,3401,45,5
10203,3401,29,3
10204,3402,50,3
10205,3402,44,1
10206,3402,16,4
10207,3403,45,3
10208,3403,33,5
10209,3403,10,1
10210,3404,23,5
10211,3404,29,4
10212,3404,16,5
10213,3405,24,3
10214,3405,46,4
10215,3405,27,2
10216,3406,13,2
10217,3406,15,4
10218,3406,3,4
10219,3407,26,4
10220,3407,39,5
10221,3407,34,4
10222,3408,19,5
10223,3408,5,2
10224,3408,24,5
10225,3409,20,5
10226,3409,32,2
10227,3409,9,1
10228,3410,17,2
10229,3410,39,5
10230,3410,25,2
10231,3411,11,4
10232,3411,37,5
10233,3411,9,1
10234,3412,25,4
10235,3412,26,1
10236,3412,30,5
10237,3413,38,4
10238,3413,12,2
10239,3413,23,4
10240,3414,40,5
10241,3414,39,2
10242,3414,38,5
10243,3415,47,5
10244,3415,16,2
10245,3415,21,5
10246,3416,48,4
10247,3416,26,5
10248,3416,33,4
10249,3417,46,4
10250,3417,29,5
10251,3417,12,3
10252,3418,50,4
10253,3418,1,3
10254,3418,8,2
10255,3419,17,5
10256,3419,12,1
10257,3419,34,3
10258,3420,39,2
10259,3420,7,3
10260,3420,13,5
10261,3421,34,2
10262,3421,49,5
10263,3421,6,2
10264,3422,9,4
10265,3422,1,1
10266,3422,1,1
10267,3423,19,3
10268,3423,4,4
10269,3423,26,2
10270,3424,40,1
10271,3424,20,2
10272,3424,3,3
10273,3425,47,5
10274,3425,5,2
10275,3425,20,1
10276,3426,2,2
10277,3426,34,5
10278,3426,32,3
10279,3427,10,5
10280,3427,31,2
10281,3427,3,5
10282,3428,40,5
10283,3428,28,3
10284,3428,43,4
10285,3429,20,2
10286,3429,48,2
10287,3429,19,1
10288,3430,22,5
10289,3430,46,2
10290,3430,4,5
10291,3431,12,2
10292,3431,22,2
10293,3431,2,5
10294,3432,32,4
10295,3432,28,5
10296,3432,7,5
10297,3433,17,5
10298,3433,40,4
10299,3433,9,5
10300,3434,50,5
10301,3434,3,3
10302,3434,26,5
10303,3435,9,1
10304,3435,6,4
10305,3435,43,3
10306,3436,16,1
10307,3436,29,5
10308,3436,27,4
10309,3437,7,5
10310,3437,28,5
10311,3437,22,4
10312,3438,10,3
10313,3438,1,3
10314,3438,16,3
10315,3439,32,3
10316,3439,8,2
10317,3439,21,2
10318,3440,5,2
10319,3440,31,5
10320,3440,21,4
10321,3441,7,1
10322,3441,4,4
10323,3441,32,4
10324,3442,13,2
10325,3442,5,4
10326,3442,23,1
10327,3443,15,4
10328,3443,6,5
10329,3443,49,2
10330,3444,3,2
10331,3444,45,3
10332,3444,40,5
10333,3445,39,1
10334,3445,38,2
10335,3445,34,4
10336,3446,13,2
10337,3446,30,1
10338,3446,13,3
10339,3447,47,2
10340,3447,19,3
10341,3447,18,4
10342,3448,19,5
10343,3448,39,1
10344,3448,50,3
10345,3449,32,4
10346,3449,2,4
10347,3449,48,5
10348,3450,27,2
10349,3450,50,2
10350,3450,21,1
10351,3451,1,4
10352,3451,27,3
10353,3451,5,5
10354,3452,5,4
10355,3452,41,1
10356,3452,45,5
10357,3453,50,3
10358,3453,6,4
10359,3453,45,2
10360,3454,43,2
10361,3454,35,5
10362,3454,23,1
10363,3455,18,3
10364,3455,25,2
10365,3455,17,1
10366,3456,39,1
10367,3456,36,3
10368,3456,33,1
10369,3457,23,3
10370,3457,35,1
10371,3457,47,1
10372,3458,21,4
10373,3458,17,3
10374,3458,46,5
10375,3459,26,3
10376,3459,16,5
10377,3459,43,1
10378,3460,26,1
10379,3460,42,4
10380,3460,31,1
10381,3461,4,3
10382,3461,1,5
10383,3461,16,1
10384,3462,46,3
10385,3462,21,3
10386,3462,8,5
10387,3463,18,1
10388,3463,49,2
10389,3463,39,5
10390,3464,10,2
10391,3464,6,5
10392,3464,2,2
10393,3465,38,4
10394,3465,26,2
10395,3465,50,1
10396,3466,16,5
10397,3466,24,5
10398,3466,36,4
10399,3467,44,3
10400,3467,41,1
10401,3467,43,4
10402,3468,35,5
10403,3468,1,2
10404,3468,26,3
10405,3469,11,5
10406,3469,45,3
10407,3469,6,4
10408,3470,19,4
10409,3470,46,5
10410,3470,14,2
10411,3471,47,2
10412,3471,22,4
10413,3471,9,2
10414,3472,4,2
10415,3472,39,4
10416,3472,20,3
10417,3473,2,5
10418,3473,33,1
10419,3473,49,4
10420,3474,32,1
10421,3474,33,5
10422,3474,36,4
10423,3475,3,5
10424,3475,11,1
10425,3475,44,1
10426,3476,39,5
10427,3476,6,5
10428,3476,47,3
10429,3477,15,1
10430,3477,6,2
10431,3477,44,2
10432,3478,25,4
10433,3478,7,1
10434,3478,22,5
10435,3479,18,5
10436,3479,22,5
10437,3479,4,3
10438,3480,11,4
10439,3480,16,2
10440,3480,43,1
10441,3481,8,5
10442,3481,42,4
10443,3481,3,3
10444,3482,30,2
10445,3482,10,1
10446,3482,21,2
10447,3483,39,4
10448,3483,44,1
10449,3483,31,4
10450,3484,18,3
10451,3484,46,3
10452,3484,19,4
10453,3485,47,1
10454,3485,35,2
10455,3485,41,2
10456,3486,6,4
10457,3486,49,1
10458,3486,19,4
10459,3487,48,1
10460,3487,40,5
10461,3487,22,2
10462,3488,37,3
10463,3488,27,4
10464,3488,25,4
10465,3489,9,4
10466,3489,12,2
10467,3489,21,5
10468,3490,25,1
10469,3490,24,2
10470,3490,1,2
10471,3491,48,4
10472,3491,5,5
10473,3491,20,1
10474,3492,9,3
10475,3492,32,5
10476,3492,29,1
10477,3493,14,4
10478,3493,34,4
10479,3493,4,3
10480,3494,4,4
10481,3494,16,1
10482,3494,26,4
10483,3495,16,4
10484,3495,1,3
10485,3495,3,2
10486,3496,47,5
10487,3496,42,1
10488,3496,42,4
10489,3497,18,1
10490,3497,40,5
10491,3497,38,1
10492,3498,1,2
10493,3498,38,1
10494,3498,38,1
10495,3499,11,1
10496,3499,48,2
10497,3499,41,1
10498,3500,10,3
10499,3500,9,1
10500,3500,39,3
10501,3501,22,2
10502,3501,45,2
10503,3501,50,4
10504,3502,49,3
10505,3502,37,4
10506,3502,45,5
10507,3503,24,2
10508,3503,8,5
10509,3503,42,2
10510,3504,26,1
10511,3504,4,5
10512,3504,46,5
10513,3505,28,1
10514,3505,9,4
10515,3505,23,4
10516,3506,19,3
10517,3506,17,3
10518,3506,41,5
10519,3507,9,1
10520,3507,21,3
10521,3507,48,5
10522,3508,39,3
10523,3508,45,3
10524,3508,22,2
10525,3509,33,1
10526,3509,8,5
10527,3509,2,5
10528,3510,8,5
10529,3510,39,4
10530,3510,23,3
10531,3511,34,2
10532,3511,19,3
10533,3511,49,3
10534,3512,26,4
10535,3512,11,2
10536,3512,39,3
10537,3513,10,1
10538,3513,32,5
10539,3513,32,1
10540,3514,21,4
10541,3514,25,1
10542,3514,16,4
10543,3515,7,4
10544,3515,9,3
10545,3515,35,4
10546,3516,2,4
10547,3516,1,3
10548,3516,29,2
10549,3517,49,4
10550,3517,26,1
10551,3517,9,2
10552,3518,23,1
10553,3518,24,5
10554,3518,24,1
10555,3519,5,3
10556,3519,13,1
10557,3519,5,4
10558,3520,15,1
10559,3520,28,4
10560,3520,7,3
10561,3521,28,1
10562,3521,23,5
10563,3521,29,5
10564,3522,4,3
10565,3522,9,2
10566,3522,17,3
10567,3523,5,2
10568,3523,16,5
10569,3523,21,3
10570,3524,29,5
10571,3524,17,1
10572,3524,46,4
10573,3525,17,3
10574,3525,14,1
10575,3525,44,3
10576,3526,45,4
10577,3526,38,1
10578,3526,21,4
10579,3527,8,5
10580,3527,48,1
10581,3527,49,5
10582,3528,41,5
10583,3528,35,4
10584,3528,28,3
10585,3529,46,4
10586,3529,38,2
10587,3529,28,3
10588,3530,25,1
10589,3530,36,2
10590,3530,13,3
10591,3531,46,5
10592,3531,32,3
10593,3531,41,5
10594,3532,30,4
10595,3532,36,1
10596,3532,24,4
10597,3533,4,2
10598,3533,16,4
10599,3533,31,1
10600,3534,35,3
10601,3534,16,1
10602,3534,42,1
10603,3535,37,2
10604,3535,11,1
10605,3535,39,3
10606,3536,28,4
10607,3536,16,2
10608,3536,13,2
10609,3537,45,5
10610,3537,45,4
10611,3537,14,2
10612,3538,14,5
10613,3538,26,3
10614,3538,17,1
10615,3539,12,5
10616,3539,9,3
10617,3539,16,2
10618,3540,26,4
10619,3540,25,5
10620,3540,38,2
10621,3541,17,2
10622,3541,29,4
10623,3541,16,5
10624,3542,46,2
10625,3542,15,5
10626,3542,22,2
10627,3543,3,2
10628,3543,16,2
10629,3543,2,5
10630,3544,7,3
10631,3544,45,1
10632,3544,5,4
10633,3545,40,2
10634,3545,15,2
10635,3545,34,3
10636,3546,19,2
10637,3546,14,3
10638,3546,32,1
10639,3547,39,5
10640,3547,34,2
10641,3547,39,1
10642,3548,44,4
10643,3548,22,3
10644,3548,6,3
10645,3549,18,3
10646,3549,9,4
10647,3549,4,4
10648,3550,21,4
10649,3550,37,5
10650,3550,40,1
10651,3551,13,5
10652,3551,15,1
10653,3551,2,1
10654,3552,46,4
10655,3552,19,2
10656,3552,14,2
10657,3553,12,4
10658,3553,41,2
10659,3553,9,4
10660,3554,29,4
10661,3554,30,2
10662,3554,14,1
10663,3555,27,5
10664,3555,45,1
10665,3555,26,4
10666,3556,20,4
10667,3556,2,4
10668,3556,1,2
10669,3557,36,3
10670,3557,4,2
10671,3557,25,1
10672,3558,22,5
10673,3558,21,2
10674,3558,40,5
10675,3559,20,2
10676,3559,41,3
10677,3559,6,1
10678,3560,41,4
10679,3560,46,3
10680,3560,47,1
10681,3561,9,4
10682,3561,18,1
10683,3561,44,4
10684,3562,31,3
10685,3562,33,2
10686,3562,28,4
10687,3563,27,2
10688,3563,24,5
10689,3563,1,4
10690,3564,11,1
10691,3564,3,2
10692,3564,46,4
10693,3565,13,5
10694,3565,43,3
10695,3565,41,4
10696,3566,17,4
10697,3566,47,1
10698,3566,19,5
10699,3567,29,3
10700,3567,21,5
10701,3567,32,5
10702,3568,14,1
10703,3568,34,2
10704,3568,38,5
10705,3569,44,4
10706,3569,48,5
10707,3569,35,3
10708,3570,39,1
10709,3570,17,5
10710,3570,46,5
10711,3571,28,1
10712,3571,38,5
10713,3571,21,3
10714,3572,1,3
10715,3572,39,2
10716,3572,10,4
10717,3573,50,4
10718,3573,19,2
10719,3573,9,2
10720,3574,48,2
10721,3574,38,3
10722,3574,25,1
10723,3575,9,1
10724,3575,11,5
10725,3575,38,5
10726,3576,42,1
10727,3576,43,1
10728,3576,22,5
10729,3577,19,5
10730,3577,22,2
10731,3577,17,1
10732,3578,1,1
10733,3578,12,4
10734,3578,28,2
10735,3579,9,2
10736,3579,38,5
10737,3579,46,3
10738,3580,32,3
10739,3580,12,2
10740,3580,22,4
10741,3581,46,4
10742,3581,48,5
10743,3581,45,4
10744,3582,5,5
10745,3582,50,5
10746,3582,34,2
10747,3583,9,2
10748,3583,29,5
10749,3583,42,5
10750,3584,42,4
10751,3584,4,3
10752,3584,43,5
10753,3585,19,1
10754,3585,25,5
10755,3585,4,4
10756,3586,45,1
10757,3586,47,2
10758,3586,45,3
10759,3587,37,3
10760,3587,26,3
10761,3587,30,5
10762,3588,39,5
10763,3588,18,4
10764,3588,2,3
10765,3589,33,4
10766,3589,44,4
10767,3589,40,3
10768,3590,37,4
10769,3590,13,5
10770,3590,16,1
10771,3591,40,4
10772,3591,10,2
10773,3591,26,1
10774,3592,4,5
10775,3592,4,5
10776,3592,10,4
10777,3593,6,4
10778,3593,26,2
10779,3593,1,1
10780,3594,27,3
10781,3594,23,3
10782,3594,47,4
10783,3595,44,5
10784,3595,27,3
10785,3595,22,4
10786,3596,43,5
10787,3596,26,3
10788,3596,21,3
10789,3597,32,3
10790,3597,7,2
10791,3597,17,4
10792,3598,28,3
10793,3598,1,1
10794,3598,4,4
10795,3599,34,4
10796,3599,22,5
10797,3599,27,5
10798,3600,9,3
10799,3600,44,1
10800,3600,23,1
10801,3601,27,4
10802,3601,23,3
10803,3601,21,1
10804,3602,10,2
10805,3602,17,3
10806,3602,17,1
10807,3603,50,5
10808,3603,38,5
10809,3603,31,3
10810,3604,1,2
10811,3604,13,2
10812,3604,34,4
10813,3605,35,4
10814,3605,2,5
10815,3605,50,2
10816,3606,21,4
10817,3606,3,1
10818,3606,29,1
10819,3607,16,4
10820,3607,13,1
10821,3607,40,3
10822,3608,18,2
10823,3608,14,5
10824,3608,42,4
10825,3609,4,2
10826,3609,3,3
10827,3609,47,1
10828,3610,35,5
10829,3610,48,5
10830,3610,15,1
10831,3611,39,3
10832,3611,48,1
10833,3611,14,3
10834,3612,43,5
10835,3612,1,5
10836,3612,50,4
10837,3613,41,1
10838,3613,39,4
10839,3613,39,4
10840,3614,37,4
10841,3614,9,3
10842,3614,22,2
10843,3615,36,3
10844,3615,8,2
10845,3615,24,4
10846,3616,40,3
10847,3616,34,1
10848,3616,20,3
10849,3617,3,4
10850,3617,14,3
10851,3617,49,4
10852,3618,49,4
10853,3618,20,5
10854,3618,1,5
10855,3619,21,4
10856,3619,41,2
10857,3619,37,3
10858,3620,44,1
10859,3620,22,5
10860,3620,41,5
10861,3621,3,2
10862,3621,43,4
10863,3621,1,2
10864,3622,46,5
10865,3622,17,3
10866,3622,10,1
10867,3623,15,1
10868,3623,23,5
10869,3623,39,2
10870,3624,22,5
10871,3624,18,5
10872,3624,2,4
10873,3625,13,3
10874,3625,10,1
10875,3625,15,1
10876,3626,37,4
10877,3626,43,4
10878,3626,31,3
10879,3627,35,4
10880,3627,30,3
10881,3627,40,3
10882,3628,8,3
10883,3628,5,5
10884,3628,28,3
10885,3629,44,5
10886,3629,47,2
10887,3629,13,1
10888,3630,33,5
10889,3630,49,2
10890,3630,39,3
10891,3631,42,5
10892,3631,26,5
10893,3631,18,1
10894,3632,37,4
10895,3632,11,2
10896,3632,42,2
10897,3633,11,4
10898,3633,2,3
10899,3633,47,5
10900,3634,25,5
10901,3634,49,3
10902,3634,11,4
10903,3635,27,4
10904,3635,19,5
10905,3635,14,1
10906,3636,29,2
10907,3636,45,1
10908,3636,25,4
10909,3637,12,5
10910,3637,14,1
10911,3637,24,1
10912,3638,34,1
10913,3638,30,5
10914,3638,33,2
10915,3639,19,2
10916,3639,25,3
10917,3639,22,5
10918,3640,20,4
10919,3640,40,5
10920,3640,38,1
10921,3641,27,2
10922,3641,16,2
10923,3641,30,2
10924,3642,15,4
10925,3642,8,4
10926,3642,40,5
10927,3643,38,1
10928,3643,10,2
10929,3643,15,4
10930,3644,44,5
10931,3644,4,1
10932,3644,46,4
10933,3645,21,3
10934,3645,46,5
10935,3645,41,4
10936,3646,4,5
10937,3646,18,4
10938,3646,29,5
10939,3647,21,3
10940,3647,5,4
10941,3647,27,4
10942,3648,21,3
10943,3648,13,5
10944,3648,34,1
10945,3649,35,5
10946,3649,40,1
10947,3649,29,2
10948,3650,30,5
10949,3650,5,3
10950,3650,38,1
10951,3651,21,4
10952,3651,39,1
10953,3651,36,5
10954,3652,20,3
10955,3652,33,5
10956,3652,49,4
10957,3653,11,4
10958,3653,36,2
10959,3653,33,3
10960,3654,36,5
10961,3654,29,4
10962,3654,14,5
10963,3655,2,2
10964,3655,2,4
10965,3655,26,1
10966,3656,10,2
10967,3656,38,4
10968,3656,44,1
10969,3657,12,1
10970,3657,41,5
10971,3657,2,3
10972,3658,48,1
10973,3658,36,5
10974,3658,7,2
10975,3659,37,5
10976,3659,34,4
10977,3659,42,1
10978,3660,33,2
10979,3660,2,4
10980,3660,1,4
10981,3661,25,5
10982,3661,3,1
10983,3661,4,4
10984,3662,38,2
10985,3662,15,4
10986,3662,50,2
10987,3663,38,5
10988,3663,10,4
10989,3663,36,5
10990,3664,15,2
10991,3664,18,5
10992,3664,43,4
10993,3665,43,3
10994,3665,39,4
10995,3665,3,2
10996,3666,46,3
10997,3666,3,4
10998,3666,32,3
10999,3667,30,5
11000,3667,40,4
11001,3667,34,2
11002,3668,13,3
11003,3668,23,4
11004,3668,1,4
11005,3669,29,2
11006,3669,48,1
11007,3669,50,2
11008,3670,43,2
11009,3670,7,3
11010,3670,22,3
11011,3671,41,1
11012,3671,44,3
11013,3671,29,1
11014,3672,23,2
11015,3672,42,1
11016,3672,34,4
11017,3673,40,5
11018,3673,44,2
11019,3673,34,3
11020,3674,46,3
11021,3674,17,1
11022,3674,20,3
11023,3675,33,5
11024,3675,14,1
11025,3675,5,3
11026,3676,5,3
11027,3676,31,1
11028,3676,42,1
11029,3677,49,2
11030,3677,15,3
11031,3677,4,2
11032,3678,26,5
11033,3678,29,1
11034,3678,21,4
11035,3679,50,5
11036,3679,39,1
11037,3679,48,1
11038,3680,38,4
11039,3680,29,5
11040,3680,29,5
11041,3681,4,2
11042,3681,15,3
11043,3681,50,3
11044,3682,23,4
11045,3682,33,3
11046,3682,17,4
11047,3683,31,5
11048,3683,19,1
11049,3683,49,2
11050,3684,50,4
11051,3684,47,4
11052,3684,20,1
11053,3685,5,4
11054,3685,14,2
11055,3685,40,3
11056,3686,31,2
11057,3686,49,4
11058,3686,33,2
11059,3687,8,3
11060,3687,38,4
11061,3687,24,4
11062,3688,46,2
11063,3688,39,2
11064,3688,43,4
11065,3689,15,1
11066,3689,33,4
11067,3689,36,2
11068,3690,46,1
11069,3690,9,5
11070,3690,6,3
11071,3691,36,3
11072,3691,46,3
11073,3691,42,2
11074,3692,15,2
11075,3692,12,3
11076,3692,6,4
11077,3693,48,3
11078,3693,5,5
11079,3693,23,3
11080,3694,35,2
11081,3694,38,4
11082,3694,25,1
11083,3695,30,2
11084,3695,20,3
11085,3695,25,4
11086,3696,46,3
11087,3696,25,2
11088,3696,47,1
11089,3697,23,5
11090,3697,23,5
11091,3697,19,1
11092,3698,41,4
11093,3698,18,5
11094,3698,8,4
11095,3699,5,4
11096,3699,1,3
11097,3699,1,2
11098,3700,11,1
11099,3700,33,1
11100,3700,26,5
11101,3701,36,1
11102,3701,42,3
11103,3701,7,2
11104,3702,49,3
11105,3702,18,4
11106,3702,25,1
11107,3703,46,5
11108,3703,17,5
11109,3703,14,4
11110,3704,29,3
11111,3704,2,2
11112,3704,38,2
11113,3705,35,4
11114,3705,19,2
11115,3705,13,1
11116,3706,10,4
11117,3706,41,3
11118,3706,48,1
11119,3707,37,5
11120,3707,25,2
11121,3707,8,5
11122,3708,13,4
11123,3708,25,4
11124,3708,30,1
11125,3709,39,4
11126,3709,27,4
11127,3709,28,1
11128,3710,1,2
11129,3710,21,4
11130,3710,16,3
11131,3711,12,1
11132,3711,9,2
11133,3711,9,2
11134,3712,18,5
11135,3712,38,5
11136,3712,3,1
11137,3713,14,4
11138,3713,28,5
11139,3713,15,4
11140,3714,32,3
11141,3714,40,1
11142,3714,7,4
11143,3715,29,5
11144,3715,5,3
11145,3715,10,3
11146,3716,18,4
11147,3716,8,3
11148,3716,19,1
11149,3717,40,2
11150,3717,14,2
11151,3717,50,3
11152,3718,5,4
11153,3718,20,4
11154,3718,24,4
11155,3719,20,2
11156,3719,25,1
11157,3719,8,5
11158,3720,25,2
11159,3720,32,2
11160,3720,25,2
11161,3721,5,5
11162,3721,38,3
11163,3721,48,4
11164,3722,40,3
11165,3722,23,5
11166,3722,49,2
11167,3723,41,2
11168,3723,32,4
11169,3723,25,3
11170,3724,6,3
11171,3724,39,1
11172,3724,2,2
11173,3725,36,3
11174,3725,1,2
11175,3725,48,3
11176,3726,22,1
11177,3726,47,2
11178,3726,18,3
11179,3727,44,3
11180,3727,36,4
11181,3727,31,2
11182,3728,12,5
11183,3728,35,2
11184,3728,37,1
11185,3729,20,4
11186,3729,49,2
11187,3729,15,1
11188,3730,17,3
11189,3730,18,4
11190,3730,47,1
11191,3731,24,4
11192,3731,19,5
11193,3731,13,2
11194,3732,23,1
11195,3732,8,3
11196,3732,45,5
11197,3733,30,5
11198,3733,34,4
11199,3733,38,3
11200,3734,14,1
11201,3734,9,1
11202,3734,19,1
11203,3735,38,3
11204,3735,19,2
11205,3735,29,4
11206,3736,42,4
11207,3736,28,1
11208,3736,33,2
11209,3737,4,5
11210,3737,24,5
11211,3737,4,1
11212,3738,7,5
11213,3738,31,2
11214,3738,6,3
11215,3739,14,5
11216,3739,6,3
11217,3739,6,1
11218,3740,17,2
11219,3740,28,4
11220,3740,35,4
11221,3741,11,1
11222,3741,1,4
11223,3741,36,1
11224,3742,36,4
11225,3742,7,1
11226,3742,40,4
11227,3743,41,5
11228,3743,21,4
11229,3743,20,2
11230,3744,22,4
11231,3744,4,4
11232,3744,42,5
11233,3745,42,1
11234,3745,10,4
11235,3745,38,2
11236,3746,16,1
11237,3746,24,3
11238,3746,12,2
11239,3747,1,4
11240,3747,3,1
11241,3747,12,2
11242,3748,4,2
11243,3748,33,4
11244,3748,22,3
11245,3749,45,1
11246,3749,44,3
11247,3749,9,2
11248,3750,19,1
11249,3750,7,3
11250,3750,10,1
11251,3751,26,4
11252,3751,31,1
11253,3751,7,3
11254,3752,5,3
11255,3752,21,5
11256,3752,37,2
11257,3753,2,1
11258,3753,26,4
11259,3753,16,2
11260,3754,48,5
11261,3754,10,2
11262,3754,9,2
11263,3755,18,1
11264,3755,3,3
11265,3755,15,5
11266,3756,9,2
11267,3756,43,2
11268,3756,4,3
11269,3757,25,2
11270,3757,42,1
11271,3757,7,5
11272,3758,49,1
11273,3758,5,1
11274,3758,49,2
11275,3759,17,5
11276,3759,20,2
11277,3759,15,5
11278,3760,7,2
11279,3760,15,2
11280,3760,24,2
11281,3761,34,4
11282,3761,8,2
11283,3761,11,2
11284,3762,47,5
11285,3762,17,3
11286,3762,27,3
11287,3763,22,2
11288,3763,14,3
11289,3763,12,5
11290,3764,26,3
11291,3764,50,3
11292,3764,40,4
11293,3765,28,1
11294,3765,12,3
11295,3765,38,5
11296,3766,28,4
11297,3766,13,3
11298,3766,12,1
11299,3767,47,5
11300,3767,23,2
11301,3767,28,4
11302,3768,41,4
11303,3768,41,2
11304,3768,18,5
11305,3769,36,3
11306,3769,12,5
11307,3769,31,2
11308,3770,23,4
11309,3770,50,1
11310,3770,22,2
11311,3771,25,4
11312,3771,24,3
11313,3771,37,1
11314,3772,18,4
11315,3772,49,4
11316,3772,11,3
11317,3773,16,5
11318,3773,4,5
11319,3773,27,4
11320,3774,20,1
11321,3774,18,4
11322,3774,24,2
11323,3775,16,4
11324,3775,38,3
11325,3775,11,3
11326,3776,29,3
11327,3776,49,4
11328,3776,28,3
11329,3777,43,2
11330,3777,22,2
11331,3777,36,5
11332,3778,45,4
11333,3778,9,5
11334,3778,36,3
11335,3779,48,2
11336,3779,10,3
11337,3779,13,4
11338,3780,32,5
11339,3780,10,3
11340,3780,7,3
11341,3781,31,1
11342,3781,11,4
11343,3781,42,4
11344,3782,13,5
11345,3782,15,3
11346,3782,18,2
11347,3783,43,3
11348,3783,27,5
11349,3783,22,5
11350,3784,48,4
11351,3784,16,5
11352,3784,2,4
11353,3785,7,4
11354,3785,47,5
11355,3785,10,3
11356,3786,37,4
11357,3786,38,2
11358,3786,40,5
11359,3787,49,5
11360,3787,43,1
11361,3787,27,1
11362,3788,23,2
11363,3788,44,5
11364,3788,6,1
11365,3789,26,5
11366,3789,42,2
11367,3789,45,4
11368,3790,6,1
11369,3790,16,1
11370,3790,32,2
11371,3791,31,2
11372,3791,25,1
11373,3791,31,2
11374,3792,50,1
11375,3792,7,3
11376,3792,35,5
11377,3793,28,4
11378,3793,36,1
11379,3793,36,2
11380,3794,25,3
11381,3794,37,2
11382,3794,8,2
11383,3795,8,3
11384,3795,26,2
11385,3795,38,3
11386,3796,50,4
11387,3796,26,2
11388,3796,21,3
11389,3797,10,5
11390,3797,41,2
11391,3797,25,3
11392,3798,23,4
11393,3798,14,2
11394,3798,39,1
11395,3799,30,2
11396,3799,48,5
11397,3799,38,3
11398,3800,1,2
11399,3800,26,5
11400,3800,17,5
11401,3801,43,1
11402,3801,43,1
11403,3801,12,4
11404,3802,45,4
11405,3802,46,3
11406,3802,37,4
11407,3803,6,5
11408,3803,27,4
11409,3803,44,1
11410,3804,27,5
11411,3804,15,2
11412,3804,22,2
11413,3805,39,1
11414,3805,3,1
11415,3805,25,1
11416,3806,11,3
11417,3806,50,5
11418,3806,2,1
11419,3807,26,2
11420,3807,37,5
11421,3807,18,5
11422,3808,3,1
11423,3808,13,2
11424,3808,15,3
11425,3809,18,2
11426,3809,31,4
11427,3809,31,2
11428,3810,44,3
11429,3810,35,1
11430,3810,19,1
11431,3811,37,5
11432,3811,45,3
11433,3811,6,1
11434,3812,5,4
11435,3812,32,5
11436,3812,14,1
11437,3813,5,3
11438,3813,35,1
11439,3813,7,4
11440,3814,1,3
11441,3814,38,5
11442,3814,43,1
11443,3815,50,1
11444,3815,4,3
11445,3815,42,2
11446,3816,3,2
11447,3816,34,5
11448,3816,27,4
11449,3817,8,4
11450,3817,35,1
11451,3817,48,1
11452,3818,40,5
11453,3818,3,2
11454,3818,19,2
11455,3819,8,2
11456,3819,17,5
11457,3819,48,3
11458,3820,20,5
11459,3820,17,2
11460,3820,4,2
11461,3821,21,2
11462,3821,5,4
11463,3821,4,4
11464,3822,37,1
11465,3822,32,5
11466,3822,7,2
11467,3823,35,4
11468,3823,4,1
11469,3823,21,4
11470,3824,7,1
11471,3824,32,1
11472,3824,14,2
11473,3825,46,1
11474,3825,38,3
11475,3825,2,2
11476,3826,20,4
11477,3826,43,1
11478,3826,11,5
11479,3827,36,1
11480,3827,19,1
11481,3827,8,2
11482,3828,35,4
11483,3828,41,3
11484,3828,21,2
11485,3829,32,1
11486,3829,50,5
11487,3829,14,4
11488,3830,31,5
11489,3830,24,4
11490,3830,25,3
11491,3831,28,2
11492,3831,39,1
11493,3831,16,5
11494,3832,6,1
11495,3832,41,4
11496,3832,20,5
11497,3833,8,4
11498,3833,8,5
11499,3833,19,2
11500,3834,16,2
11501,3834,8,3
11502,3834,19,1
11503,3835,5,2
11504,3835,6,3
11505,3835,14,3
11506,3836,4,4
11507,3836,39,4
11508,3836,43,2
11509,3837,25,1
11510,3837,27,5
11511,3837,17,3
11512,3838,22,2
11513,3838,21,2
11514,3838,49,4
11515,3839,48,3
11516,3839,5,1
11517,3839,9,3
11518,3840,19,4
11519,3840,47,1
11520,3840,46,4
11521,3841,38,5
11522,3841,39,5
11523,3841,18,5
11524,3842,34,3
11525,3842,28,4
11526,3842,39,3
11527,3843,33,5
11528,3843,39,2
11529,3843,4,1
11530,3844,24,1
11531,3844,38,3
11532,3844,28,4
11533,3845,23,4
11534,3845,14,3
11535,3845,24,5
11536,3846,19,2
11537,3846,12,4
11538,3846,41,1
11539,3847,30,2
11540,3847,25,4
11541,3847,9,3
11542,3848,26,3
11543,3848,2,3
11544,3848,25,1
11545,3849,31,1
11546,3849,43,1
11547,3849,6,3
11548,3850,42,3
11549,3850,8,2
11550,3850,1,4
11551,3851,33,4
11552,3851,12,3
11553,3851,3,5
11554,3852,29,1
11555,3852,1,1
11556,3852,41,4
11557,3853,27,5
11558,3853,39,1
11559,3853,44,3
11560,3854,49,1
11561,3854,32,2
11562,3854,35,2
11563,3855,1,4
11564,3855,27,2
11565,3855,13,5
11566,3856,47,1
11567,3856,8,3
11568,3856,43,2
11569,3857,9,2
11570,3857,10,5
11571,3857,10,2
11572,3858,12,5
11573,3858,10,3
11574,3858,1,5
11575,3859,18,4
11576,3859,21,2
11577,3859,34,2
11578,3860,23,5
11579,3860,38,5
11580,3860,20,1
11581,3861,1,3
11582,3861,6,1
11583,3861,47,5
11584,3862,18,4
11585,3862,39,1
11586,3862,15,3
11587,3863,7,1
11588,3863,16,3
11589,3863,43,1
11590,3864,50,3
11591,3864,13,3
11592,3864,50,4
11593,3865,10,2
11594,3865,50,5
11595,3865,38,2
11596,3866,1,4
11597,3866,19,1
11598,3866,41,3
11599,3867,32,5
11600,3867,3,5
11601,3867,49,4
11602,3868,34,2
11603,3868,2,2
11604,3868,35,1
11605,3869,5,1
11606,3869,20,1
11607,3869,40,3
11608,3870,46,3
11609,3870,16,3
11610,3870,5,5
11611,3871,22,2
11612,3871,49,5
11613,3871,49,1
11614,3872,42,3
11615,3872,19,4
11616,3872,36,4
11617,3873,30,3
11618,3873,47,2
11619,3873,36,1
11620,3874,12,1
11621,3874,42,5
11622,3874,44,5
11623,3875,40,2
11624,3875,2,4
11625,3875,15,3
11626,3876,32,5
11627,3876,42,1
11628,3876,44,2
11629,3877,30,5
11630,3877,38,1
11631,3877,43,2
11632,3878,7,2
11633,3878,43,5
11634,3878,47,4
11635,3879,17,2
11636,3879,47,4
11637,3879,39,5
11638,3880,1,3
11639,3880,22,5
11640,3880,21,3
11641,3881,32,3
11642,3881,38,5
11643,3881,20,1
11644,3882,35,3
11645,3882,12,5
11646,3882,48,1
11647,3883,27,5
11648,3883,28,5
11649,3883,41,1
11650,3884,45,3
11651,3884,23,2
11652,3884,34,5
11653,3885,35,4
11654,3885,1,4
11655,3885,5,1
11656,3886,25,3
11657,3886,27,4
11658,3886,16,2
11659,3887,29,3
11660,3887,24,4
11661,3887,3,1
11662,3888,26,3
11663,3888,10,4
11664,3888,27,1
11665,3889,15,4
11666,3889,43,5
11667,3889,5,3
11668,3890,38,5
11669,3890,4,2
11670,3890,23,2
11671,3891,41,1
11672,3891,33,3
11673,3891,13,4
11674,3892,47,4
11675,3892,40,5
11676,3892,11,5
11677,3893,26,3
11678,3893,18,3
11679,3893,30,4
11680,3894,12,3
11681,3894,1,5
11682,3894,19,2
11683,3895,16,2
11684,3895,17,2
11685,3895,14,3
11686,3896,33,1
11687,3896,50,1
11688,3896,18,1
11689,3897,30,2
11690,3897,20,1
11691,3897,47,3
11692,3898,22,2
11693,3898,26,5
11694,3898,7,3
11695,3899,35,3
11696,3899,21,4
11697,3899,19,5
11698,3900,2,4
11699,3900,12,4
11700,3900,37,4
11701,3901,1,2
11702,3901,18,2
11703,3901,24,4
11704,3902,4,2
11705,3902,49,2
11706,3902,15,2
11707,3903,40,3
11708,3903,44,5
11709,3903,19,3
11710,3904,12,2
11711,3904,6,3
11712,3904,41,5
11713,3905,9,5
11714,3905,25,2
11715,3905,3,3
11716,3906,2,2
11717,3906,39,4
11718,3906,26,2
11719,3907,45,5
11720,3907,39,1
11721,3907,29,2
11722,3908,7,4
11723,3908,19,2
11724,3908,39,2
11725,3909,9,1
11726,3909,20,1
11727,3909,27,4
11728,3910,35,2
11729,3910,8,3
11730,3910,44,2
11731,3911,38,2
11732,3911,26,4
11733,3911,39,2
11734,3912,31,1
11735,3912,26,2
11736,3912,9,3
11737,3913,49,1
11738,3913,14,1
11739,3913,15,5
11740,3914,11,5
11741,3914,3,3
11742,3914,35,3
11743,3915,1,2
11744,3915,10,1
11745,3915,27,1
11746,3916,43,5
11747,3916,4,1
11748,3916,37,2
11749,3917,42,2
11750,3917,14,3
11751,3917,40,2
11752,3918,32,5
11753,3918,32,1
11754,3918,39,1
11755,3919,1,1
11756,3919,42,1
11757,3919,12,5
11758,3920,42,3
11759,3920,28,1
11760,3920,25,2
11761,3921,12,3
11762,3921,25,3
11763,3921,45,4
11764,3922,5,5
11765,3922,48,3
11766,3922,23,5
11767,3923,20,1
11768,3923,47,4
11769,3923,38,5
11770,3924,10,2
11771,3924,1,3
11772,3924,50,3
11773,3925,47,2
11774,3925,9,2
11775,3925,6,4
11776,3926,42,4
11777,3926,30,5
11778,3926,50,1
11779,3927,19,3
11780,3927,25,3
11781,3927,29,3
11782,3928,16,4
11783,3928,1,1
11784,3928,40,3
11785,3929,49,3
11786,3929,13,5
11787,3929,45,1
11788,3930,6,4
11789,3930,32,4
11790,3930,27,4
11791,3931,22,1
11792,3931,23,2
11793,3931,43,4
11794,3932,42,4
11795,3932,5,2
11796,3932,2,5
11797,3933,11,5
11798,3933,6,3
11799,3933,31,5
11800,3934,4,4
11801,3934,43,1
11802,3934,47,5
11803,3935,4,2
11804,3935,9,2
11805,3935,5,1
11806,3936,26,4
11807,3936,41,5
11808,3936,44,4
11809,3937,2,4
11810,3937,41,4
11811,3937,41,4
11812,3938,14,3
11813,3938,16,2
11814,3938,10,2
11815,3939,44,4
11816,3939,8,5
11817,3939,23,5
11818,3940,10,1
11819,3940,9,4
11820,3940,41,5
11821,3941,47,3
11822,3941,42,5
11823,3941,24,4
11824,3942,15,4
11825,3942,6,1
11826,3942,19,2
11827,3943,39,3
11828,3943,13,1
11829,3943,3,1
11830,3944,48,2
11831,3944,30,3
11832,3944,50,2
11833,3945,37,5
11834,3945,37,2
11835,3945,16,1
11836,3946,14,2
11837,3946,17,4
11838,3946,23,5
11839,3947,43,5
11840,3947,25,4
11841,3947,40,2
11842,3948,9,4
11843,3948,49,5
11844,3948,46,3
11845,3949,7,4
11846,3949,43,5
11847,3949,13,4
11848,3950,27,3
11849,3950,37,1
11850,3950,22,2
11851,3951,34,2
11852,3951,3,1
11853,3951,7,3
11854,3952,43,1
11855,3952,25,3
11856,3952,11,4
11857,3953,26,3
11858,3953,12,4
11859,3953,29,2
11860,3954,24,1
11861,3954,10,4
11862,3954,12,3
11863,3955,21,3
11864,3955,15,2
11865,3955,32,3
11866,3956,44,4
11867,3956,21,4
11868,3956,40,4
11869,3957,27,3
11870,3957,34,4
11871,3957,33,3
11872,3958,38,4
11873,3958,11,2
11874,3958,18,5
11875,3959,19,3
11876,3959,8,1
11877,3959,20,4
11878,3960,41,2
11879,3960,21,1
11880,3960,27,5
11881,3961,9,5
11882,3961,27,3
11883,3961,25,5
11884,3962,22,1
11885,3962,10,1
11886,3962,27,2
11887,3963,49,4
11888,3963,27,4
11889,3963,12,5
11890,3964,15,3
11891,3964,45,1
11892,3964,40,4
11893,3965,38,2
11894,3965,17,3
11895,3965,9,1
11896,3966,9,5
11897,3966,8,3
11898,3966,28,3
11899,3967,1,2
11900,3967,10,2
11901,3967,19,4
11902,3968,30,5
11903,3968,45,1
11904,3968,19,3
11905,3969,32,5
11906,3969,30,2
11907,3969,24,1
11908,3970,34,3
11909,3970,45,1
11910,3970,30,1
11911,3971,14,2
11912,3971,42,5
11913,3971,34,2
11914,3972,6,3
11915,3972,29,5
11916,3972,44,2
11917,3973,50,2
11918,3973,13,4
11919,3973,42,2
11920,3974,45,1
11921,3974,37,3
11922,3974,21,1
11923,3975,46,4
11924,3975,32,4
11925,3975,50,4
11926,3976,1,4
11927,3976,13,4
11928,3976,41,2
11929,3977,43,2
11930,3977,34,4
11931,3977,13,1
11932,3978,8,1
11933,3978,9,2
11934,3978,2,1
11935,3979,47,5
11936,3979,19,5
11937,3979,18,2
11938,3980,25,3
11939,3980,50,5
11940,3980,14,2
11941,3981,49,2
11942,3981,28,4
11943,3981,44,5
11944,3982,25,1
11945,3982,33,2
11946,3982,45,5
11947,3983,39,4
11948,3983,32,1
11949,3983,45,2
11950,3984,25,1
11951,3984,22,3
11952,3984,39,3
11953,3985,28,5
11954,3985,9,1
11955,3985,36,3
11956,3986,27,3
11957,3986,37,1
11958,3986,8,2
11959,3987,10,3
11960,3987,40,3
11961,3987,49,1
11962,3988,37,2
11963,3988,24,1
11964,3988,42,1
11965,3989,5,1
11966,3989,22,3
11967,3989,26,1
11968,3990,31,3
11969,3990,34,1
11970,3990,35,1
11971,3991,14,5
11972,3991,47,5
11973,3991,37,1
11974,3992,19,3
11975,3992,41,1
11976,3992,4,3
11977,3993,4,3
11978,3993,16,1
11979,3993,23,4
11980,3994,25,5
11981,3994,22,1
11982,3994,44,2
11983,3995,22,2
11984,3995,34,1
11985,3995,18,5
11986,3996,42,2
11987,3996,31,3
11988,3996,30,3
11989,3997,23,5
11990,3997,4,2
11991,3997,3,5
11992,3998,41,1
11993,3998,7,4
11994,3998,34,3
11995,3999,25,3
11996,3999,29,1
11997,3999,32,4
11998,4000,36,3
11999,4000,3,1
12000,4000,39,1
12001,4001,10,4
12002,4001,43,1
12003,4001,26,5
12004,4002,34,5
12005,4002,42,2
12006,4002,31,1
12007,4003,28,1
12008,4003,7,3
12009,4003,34,4
12010,4004,28,5
12011,4004,28,1
12012,4004,6,5
12013,4005,37,4
12014,4005,25,4
12015,4005,23,5
12016,4006,48,5
12017,4006,13,2
12018,4006,11,4
12019,4007,5,4
12020,4007,3,3
12021,4007,2,3
12022,4008,35,2
12023,4008,24,2
12024,4008,17,3
12025,4009,42,5
12026,4009,5,5
12027,4009,23,4
12028,4010,21,4
12029,4010,46,2
12030,4010,35,3
12031,4011,16,3
12032,4011,16,2
12033,4011,38,5
12034,4012,50,5
12035,4012,11,3
12036,4012,11,4
12037,4013,26,2
12038,4013,7,4
12039,4013,50,4
12040,4014,22,5
12041,4014,3,1
12042,4014,44,3
12043,4015,35,3
12044,4015,28,4
12045,4015,36,4
12046,4016,39,2
12047,4016,1,2
12048,4016,1,2
12049,4017,33,3
12050,4017,14,2
12051,4017,30,2
12052,4018,31,4
12053,4018,28,5
12054,4018,36,2
12055,4019,17,3
12056,4019,5,3
12057,4019,48,1
12058,4020,11,3
12059,4020,9,5
12060,4020,24,3
12061,4021,28,1
12062,4021,16,1
12063,4021,35,4
12064,4022,13,1
12065,4022,35,5
12066,4022,31,2
12067,4023,47,1
12068,4023,41,4
12069,4023,49,2
12070,4024,36,2
12071,4024,31,4
12072,4024,31,4
12073,4025,48,1
12074,4025,8,5
12075,4025,19,2
12076,4026,21,2
12077,4026,45,4
12078,4026,42,5
12079,4027,25,2
12080,4027,1,5
12081,4027,4,1
12082,4028,29,1
12083,4028,10,1
12084,4028,4,2
12085,4029,46,3
12086,4029,10,2
12087,4029,19,3
12088,4030,32,2
12089,4030,44,1
12090,4030,23,4
12091,4031,45,4
12092,4031,31,1
12093,4031,49,5
12094,4032,46,4
12095,4032,8,5
12096,4032,38,4
12097,4033,7,4
12098,4033,24,5
12099,4033,28,3
12100,4034,50,4
12101,4034,26,4
12102,4034,27,3
12103,4035,3,5
12104,4035,40,4
12105,4035,34,2
12106,4036,13,3
12107,4036,50,3
12108,4036,2,1
12109,4037,40,3
12110,4037,10,2
12111,4037,19,2
12112,4038,44,4
12113,4038,44,3
12114,4038,13,4
12115,4039,40,2
12116,4039,45,2
12117,4039,9,1
12118,4040,38,1
12119,4040,49,3
12120,4040,16,5
12121,4041,46,1
12122,4041,30,1
12123,4041,24,3
12124,4042,31,2
12125,4042,27,1
12126,4042,49,1
12127,4043,22,4
12128,4043,41,5
12129,4043,8,1
12130,4044,22,1
12131,4044,48,1
12132,4044,3,1
12133,4045,26,2
12134,4045,27,1
12135,4045,2,5
12136,4046,3,2
12137,4046,26,3
12138,4046,36,5
12139,4047,46,2
12140,4047,43,3
12141,4047,30,3
12142,4048,39,4
12143,4048,36,2
12144,4048,15,3
12145,4049,19,5
12146,4049,33,2
12147,4049,23,4
12148,4050,6,5
12149,4050,12,1
12150,4050,19,5
12151,4051,26,4
12152,4051,37,1
12153,4051,17,4
12154,4052,16,5
12155,4052,27,4
12156,4052,19,2
12157,4053,10,1
12158,4053,14,1
12159,4053,32,2
12160,4054,43,4
12161,4054,28,3
12162,4054,10,5
12163,4055,10,3
12164,4055,26,5
12165,4055,22,3
12166,4056,38,2
12167,4056,47,4
12168,4056,43,2
12169,4057,19,1
12170,4057,3,1
12171,4057,45,2
12172,4058,2,5
12173,4058,26,1
12174,4058,6,3
12175,4059,43,4
12176,4059,2,3
12177,4059,6,5
12178,4060,2,5
12179,4060,50,3
12180,4060,18,2
12181,4061,10,4
12182,4061,8,4
12183,4061,42,2
12184,4062,47,1
12185,4062,42,2
12186,4062,16,3
12187,4063,27,2
12188,4063,25,5
12189,4063,46,2
12190,4064,1,1
12191,4064,4,1
12192,4064,47,1
12193,4065,38,1
12194,4065,34,5
12195,4065,38,2
12196,4066,5,5
12197,4066,29,5
12198,4066,8,1
12199,4067,20,5
12200,4067,3,2
12201,4067,34,2
12202,4068,22,3
12203,4068,5,3
12204,4068,35,5
12205,4069,49,2
12206,4069,40,1
12207,4069,40,2
12208,4070,4,3
12209,4070,46,2
12210,4070,41,4
12211,4071,27,4
12212,4071,6,2
12213,4071,50,4
12214,4072,26,2
12215,4072,35,1
12216,4072,33,1
12217,4073,9,2
12218,4073,44,4
12219,4073,34,1
12220,4074,23,5
12221,4074,20,4
12222,4074,45,3
12223,4075,50,4
12224,4075,1,3
12225,4075,46,2
12226,4076,5,1
12227,4076,3,3
12228,4076,44,5
12229,4077,14,2
12230,4077,1,5
12231,4077,28,4
12232,4078,13,5
12233,4078,29,5
12234,4078,33,3
12235,4079,9,1
12236,4079,36,5
12237,4079,8,3
12238,4080,9,4
12239,4080,39,2
12240,4080,31,4
12241,4081,47,3
12242,4081,42,1
12243,4081,49,1
12244,4082,26,4
12245,4082,28,4
12246,4082,45,1
12247,4083,33,4
12248,4083,31,4
12249,4083,9,5
12250,4084,35,2
12251,4084,27,2
12252,4084,28,5
12253,4085,34,3
12254,4085,2,1
12255,4085,47,4
12256,4086,50,2
12257,4086,30,4
12258,4086,12,5
12259,4087,11,2
12260,4087,28,4
12261,4087,28,4
12262,4088,33,5
12263,4088,1,5
12264,4088,45,2
12265,4089,29,4
12266,4089,6,4
12267,4089,21,2
12268,4090,12,5
12269,4090,42,5
12270,4090,44,5
12271,4091,39,1
12272,4091,30,3
12273,4091,38,5
12274,4092,16,3
12275,4092,37,5
12276,4092,7,2
12277,4093,21,3
12278,4093,40,4
12279,4093,31,4
12280,4094,10,4
12281,4094,21,5
12282,4094,32,4
12283,4095,19,1
12284,4095,36,2
12285,4095,36,3
12286,4096,48,5
12287,4096,2,3
12288,4096,2,1
12289,4097,46,3
12290,4097,8,4
12291,4097,7,4
12292,4098,22,4
12293,4098,36,5
12294,4098,13,5
12295,4099,5,2
12296,4099,38,3
12297,4099,26,3
12298,4100,6,5
12299,4100,35,4
12300,4100,6,1
12301,4101,20,5
12302,4101,28,1
12303,4101,4,3
12304,4102,50,1
12305,4102,1,5
12306,4102,12,3
12307,4103,18,5
12308,4103,46,2
12309,4103,34,4
12310,4104,36,4
12311,4104,23,4
12312,4104,4,2
12313,4105,42,1
12314,4105,50,2
12315,4105,38,2
12316,4106,2,1
12317,4106,7,2
12318,4106,22,1
12319,4107,5,5
12320,4107,26,1
12321,4107,32,3
12322,4108,11,5
12323,4108,49,1
12324,4108,26,5
12325,4109,23,2
12326,4109,12,2
12327,4109,15,2
12328,4110,27,5
12329,4110,14,1
12330,4110,41,5
12331,4111,2,4
12332,4111,11,1
12333,4111,1,4
12334,4112,41,2
12335,4112,2,2
12336,4112,17,2
12337,4113,25,4
12338,4113,9,3
12339,4113,45,5
12340,4114,29,3
12341,4114,16,4
12342,4114,48,3
12343,4115,2,3
12344,4115,32,1
12345,4115,42,3
12346,4116,20,4
12347,4116,43,5
12348,4116,24,4
12349,4117,44,4
12350,4117,17,1
12351,4117,47,4
12352,4118,35,4
12353,4118,14,3
12354,4118,42,3
12355,4119,17,3
12356,4119,15,3
12357,4119,22,1
12358,4120,18,4
12359,4120,42,4
12360,4120,36,5
12361,4121,43,4
12362,4121,23,5
12363,4121,13,3
12364,4122,33,2
12365,4122,19,5
12366,4122,48,2
12367,4123,43,3
12368,4123,42,5
12369,4123,28,2
12370,4124,27,4
12371,4124,14,4
12372,4124,26,3
12373,4125,34,3
12374,4125,16,2
12375,4125,2,4
12376,4126,31,3
12377,4126,34,4
12378,4126,1,5
12379,4127,39,3
12380,4127,16,2
12381,4127,50,4
12382,4128,50,5
12383,4128,36,2
12384,4128,43,3
12385,4129,20,2
12386,4129,47,4
12387,4129,39,3
12388,4130,35,1
12389,4130,23,1
12390,4130,49,3
12391,4131,21,1
12392,4131,24,1
12393,4131,39,2
12394,4132,35,3
12395,4132,26,4
12396,4132,11,1
12397,4133,4,4
12398,4133,13,3
12399,4133,12,5
12400,4134,49,2
12401,4134,37,1
12402,4134,45,4
12403,4135,29,2
12404,4135,48,4
12405,4135,10,5
12406,4136,21,3
12407,4136,41,3
12408,4136,43,1
12409,4137,16,5
12410,4137,2,1
12411,4137,27,2
12412,4138,22,5
12413,4138,23,1
12414,4138,23,1
12415,4139,44,2
12416,4139,45,1
12417,4139,20,3
12418,4140,2,2
12419,4140,36,1
12420,4140,20,2
12421,4141,22,2
12422,4141,5,2
12423,4141,30,5
12424,4142,17,2
12425,4142,15,4
12426,4142,40,3
12427,4143,13,1
12428,4143,47,1
12429,4143,8,2
12430,4144,16,3
12431,4144,37,1
12432,4144,18,2
12433,4145,26,3
12434,4145,12,4
12435,4145,17,2
12436,4146,36,4
12437,4146,44,4
12438,4146,12,3
12439,4147,8,1
12440,4147,34,3
12441,4147,32,2
12442,4148,34,2
12443,4148,36,3
12444,4148,23,3
12445,4149,22,1
12446,4149,17,4
12447,4149,3,5
12448,4150,41,1
12449,4150,38,2
12450,4150,21,1
12451,4151,6,4
12452,4151,43,3
12453,4151,23,3
12454,4152,21,2
12455,4152,45,4
12456,4152,45,1
12457,4153,49,4
12458,4153,9,4
12459,4153,12,5
12460,4154,7,4
12461,4154,30,2
12462,4154,16,4
12463,4155,17,4
12464,4155,7,2
12465,4155,6,3
12466,4156,31,3
12467,4156,28,2
12468,4156,49,4
12469,4157,17,1
12470,4157,12,4
12471,4157,2,5
12472,4158,17,5
12473,4158,8,5
12474,4158,42,4
12475,4159,26,2
12476,4159,1,5
12477,4159,40,1
12478,4160,28,5
12479,4160,15,1
12480,4160,39,4
12481,4161,16,1
12482,4161,16,5
12483,4161,39,3
12484,4162,5,4
12485,4162,48,4
12486,4162,4,3
12487,4163,22,1
12488,4163,46,3
12489,4163,47,5
12490,4164,38,5
12491,4164,10,2
12492,4164,44,4
12493,4165,29,2
12494,4165,44,1
12495,4165,12,2
12496,4166,18,2
12497,4166,50,5
12498,4166,36,5
12499,4167,3,3
12500,4167,33,3
12501,4167,6,3
12502,4168,42,2
12503,4168,4,2
12504,4168,24,5
12505,4169,16,4
12506,4169,20,3
12507,4169,3,2
12508,4170,36,2
12509,4170,47,2
12510,4170,7,2
12511,4171,17,2
12512,4171,31,3
12513,4171,50,3
12514,4172,29,4
12515,4172,30,2
12516,4172,39,5
12517,4173,5,1
12518,4173,46,3
12519,4173,19,5
12520,4174,2,3
12521,4174,41,3
12522,4174,13,1
12523,4175,34,2
12524,4175,42,3
12525,4175,16,4
12526,4176,40,3
12527,4176,15,1
12528,4176,3,2
12529,4177,43,5
12530,4177,31,4
12531,4177,8,1
12532,4178,21,1
12533,4178,27,2
12534,4178,44,5
12535,4179,8,4
12536,4179,39,2
12537,4179,25,3
12538,4180,5,4
12539,4180,14,2
12540,4180,33,1
12541,4181,28,2
12542,4181,44,5
12543,4181,6,1
12544,4182,47,5
12545,4182,32,2
12546,4182,40,2
12547,4183,11,1
12548,4183,38,5
12549,4183,16,4
12550,4184,37,1
12551,4184,21,4
12552,4184,14,4
12553,4185,28,4
12554,4185,8,1
12555,4185,23,2
12556,4186,37,5
12557,4186,44,4
12558,4186,32,1
12559,4187,29,3
12560,4187,23,5
12561,4187,48,5
12562,4188,47,1
12563,4188,24,2
12564,4188,4,3
12565,4189,18,3
12566,4189,4,1
12567,4189,12,1
12568,4190,9,4
12569,4190,48,5
12570,4190,16,5
12571,4191,32,5
12572,4191,40,1
12573,4191,14,3
12574,4192,41,3
12575,4192,4,2
12576,4192,39,3
12577,4193,33,4
12578,4193,29,4
12579,4193,4,2
12580,4194,42,1
12581,4194,18,1
12582,4194,39,2
12583,4195,18,4
12584,4195,44,4
12585,4195,44,3
12586,4196,20,1
12587,4196,35,2
12588,4196,16,4
12589,4197,35,5
12590,4197,7,1
12591,4197,5,2
12592,4198,36,2
12593,4198,29,2
12594,4198,5,1
12595,4199,49,3
12596,4199,7,2
12597,4199,16,3
12598,4200,25,1
12599,4200,7,5
12600,4200,20,2
12601,4201,10,1
12602,4201,7,2
12603,4201,35,5
12604,4202,11,3
12605,4202,16,2
12606,4202,3,5
12607,4203,48,2
12608,4203,44,1
12609,4203,49,4
12610,4204,34,1
12611,4204,47,4
12612,4204,15,4
12613,4205,1,2
12614,4205,35,5
12615,4205,44,1
12616,4206,42,4
12617,4206,16,4
12618,4206,39,1
12619,4207,30,5
12620,4207,38,3
12621,4207,42,4
12622,4208,28,4
12623,4208,12,1
12624,4208,3,1
12625,4209,23,2
12626,4209,6,3
12627,4209,45,1
12628,4210,50,1
12629,4210,31,1
12630,4210,30,1
12631,4211,28,2
12632,4211,18,5
12633,4211,24,1
12634,4212,42,5
12635,4212,39,3
12636,4212,7,2
12637,4213,14,4
12638,4213,1,5
12639,4213,24,1
12640,4214,49,1
12641,4214,50,5
12642,4214,49,1
12643,4215,40,3
12644,4215,42,3
12645,4215,24,3
12646,4216,24,4
12647,4216,39,4
12648,4216,10,5
12649,4217,26,3
12650,4217,22,4
12651,4217,8,5
12652,4218,12,4
12653,4218,28,4
12654,4218,6,2
12655,4219,29,4
12656,4219,47,1
12657,4219,45,5
12658,4220,33,4
12659,4220,49,2
12660,4220,28,2
12661,4221,38,3
12662,4221,26,1
12663,4221,9,4
12664,4222,49,4
12665,4222,50,4
12666,4222,35,2
12667,4223,2,3
12668,4223,24,4
12669,4223,14,4
12670,4224,7,2
12671,4224,35,5
12672,4224,31,3
12673,4225,3,2
12674,4225,47,2
12675,4225,14,3
12676,4226,43,4
12677,4226,5,3
12678,4226,20,4
12679,4227,25,2
12680,4227,32,4
12681,4227,14,2
12682,4228,1,3
12683,4228,44,1
12684,4228,5,4
12685,4229,27,1
12686,4229,44,3
12687,4229,12,1
12688,4230,24,2
12689,4230,19,5
12690,4230,15,1
12691,4231,39,4
12692,4231,35,4
12693,4231,14,4
12694,4232,17,4
12695,4232,2,3
12696,4232,25,3
12697,4233,25,5
12698,4233,37,4
12699,4233,38,5
12700,4234,31,1
12701,4234,14,4
12702,4234,36,5
12703,4235,50,2
12704,4235,1,1
12705,4235,18,5
12706,4236,15,4
12707,4236,44,5
12708,4236,42,2
12709,4237,26,2
12710,4237,45,1
12711,4237,49,3
12712,4238,37,2
12713,4238,48,2
12714,4238,50,5
12715,4239,8,2
12716,4239,31,1
12717,4239,25,3
12718,4240,39,2
12719,4240,18,1
12720,4240,3,3
12721,4241,4,4
12722,4241,48,2
12723,4241,38,1
12724,4242,6,5
12725,4242,29,2
12726,4242,9,5
12727,4243,11,3
12728,4243,31,1
12729,4243,34,2
12730,4244,2,1
12731,4244,35,1
12732,4244,29,5
12733,4245,50,4
12734,4245,42,1
12735,4245,31,3
12736,4246,44,4
12737,4246,34,5
12738,4246,47,5
12739,4247,42,3
12740,4247,37,4
12741,4247,19,5
12742,4248,40,4
12743,4248,40,5
12744,4248,4,3
12745,4249,11,2
12746,4249,7,4
12747,4249,8,1
12748,4250,18,5
12749,4250,27,3
12750,4250,27,3
12751,4251,34,1
12752,4251,36,5
12753,4251,35,1
12754,4252,1,4
12755,4252,5,4
12756,4252,14,3
12757,4253,27,2
12758,4253,7,4
12759,4253,13,1
12760,4254,11,5
12761,4254,30,3
12762,4254,23,4
12763,4255,12,4
12764,4255,7,4
12765,4255,39,3
12766,4256,39,4
12767,4256,14,4
12768,4256,36,5
12769,4257,5,1
12770,4257,37,2
12771,4257,34,5
12772,4258,42,5
12773,4258,38,1
12774,4258,26,5
12775,4259,11,1
12776,4259,8,2
12777,4259,42,1
12778,4260,32,1
12779,4260,28,4
12780,4260,23,2
12781,4261,44,2
12782,4261,8,4
12783,4261,15,2
12784,4262,27,1
12785,4262,16,1
12786,4262,31,5
12787,4263,34,3
12788,4263,18,5
12789,4263,3,1
12790,4264,20,5
12791,4264,4,2
12792,4264,31,2
12793,4265,39,3
12794,4265,48,3
12795,4265,24,5
12796,4266,50,3
12797,4266,33,2
12798,4266,22,4
12799,4267,16,5
12800,4267,38,5
12801,4267,49,1
12802,4268,10,4
12803,4268,18,2
12804,4268,39,2
12805,4269,10,3
12806,4269,50,3
12807,4269,7,4
12808,4270,18,1
12809,4270,39,2
12810,4270,21,5
12811,4271,5,3
12812,4271,32,4
12813,4271,12,1
12814,4272,46,2
12815,4272,46,2
12816,4272,26,1
12817,4273,8,5
12818,4273,26,2
12819,4273,37,5
12820,4274,17,3
12821,4274,17,1
12822,4274,14,5
12823,4275,17,3
12824,4275,15,1
12825,4275,21,4
12826,4276,14,1
12827,4276,39,2
12828,4276,1,4
12829,4277,39,4
12830,4277,34,3
12831,4277,50,5
12832,4278,3,5
12833,4278,28,3
12834,4278,24,5
12835,4279,35,4
12836,4279,9,3
12837,4279,47,1
12838,4280,36,5
12839,4280,39,2
12840,4280,45,1
12841,4281,30,4
12842,4281,41,2
12843,4281,22,1
12844,4282,27,4
12845,4282,33,1
12846,4282,5,2
12847,4283,14,5
12848,4283,31,2
12849,4283,28,4
12850,4284,2,4
12851,4284,45,2
12852,4284,8,4
12853,4285,43,2
12854,4285,46,3
12855,4285,1,2
12856,4286,20,2
12857,4286,42,2
12858,4286,42,2
12859,4287,48,3
12860,4287,7,5
12861,4287,34,2
12862,4288,4,4
12863,4288,44,2
12864,4288,12,2
12865,4289,28,3
12866,4289,20,1
12867,4289,7,5
12868,4290,7,3
12869,4290,19,3
12870,4290,11,3
12871,4291,49,5
12872,4291,18,2
12873,4291,43,1
12874,4292,11,3
12875,4292,16,3
12876,4292,1,5
12877,4293,20,4
12878,4293,27,3
12879,4293,45,1
12880,4294,8,5
12881,4294,28,1
12882,4294,22,4
12883,4295,18,1
12884,4295,40,5
12885,4295,19,1
12886,4296,20,4
12887,4296,23,2
12888,4296,40,5
12889,4297,40,1
12890,4297,13,4
12891,4297,3,3
12892,4298,20,2
12893,4298,20,3
12894,4298,6,5
12895,4299,4,5
12896,4299,12,4
12897,4299,5,1
12898,4300,2,2
12899,4300,21,4
12900,4300,21,5
12901,4301,18,2
12902,4301,48,5
12903,4301,38,2
12904,4302,3,2
12905,4302,16,4
12906,4302,25,4
12907,4303,28,5
12908,4303,43,4
12909,4303,39,2
12910,4304,50,2
12911,4304,37,3
12912,4304,15,2
12913,4305,35,4
12914,4305,6,5
12915,4305,17,1
12916,4306,5,5
12917,4306,49,2
12918,4306,39,1
12919,4307,40,2
12920,4307,20,2
12921,4307,18,2
12922,4308,19,1
12923,4308,25,4
12924,4308,44,2
12925,4309,33,2
12926,4309,18,4
12927,4309,13,2
12928,4310,20,5
12929,4310,35,5
12930,4310,15,2
12931,4311,17,2
12932,4311,31,3
12933,4311,7,5
12934,4312,25,4
12935,4312,40,3
12936,4312,47,1
12937,4313,33,4
12938,4313,50,3
12939,4313,19,2
12940,4314,19,2
12941,4314,47,5
12942,4314,12,4
12943,4315,40,2
12944,4315,36,3
12945,4315,22,1
12946,4316,29,3
12947,4316,14,3
12948,4316,2,5
12949,4317,23,2
12950,4317,49,5
12951,4317,41,5
12952,4318,40,3
12953,4318,39,3
12954,4318,31,1
12955,4319,16,5
12956,4319,28,5
12957,4319,28,3
12958,4320,21,2
12959,4320,21,5
12960,4320,7,4
12961,4321,26,3
12962,4321,3,3
12963,4321,30,1
12964,4322,36,5
12965,4322,13,1
12966,4322,3,5
12967,4323,38,3
12968,4323,18,2
12969,4323,36,5
12970,4324,30,2
12971,4324,18,3
12972,4324,48,5
12973,4325,42,4
12974,4325,43,4
12975,4325,34,4
12976,4326,28,4
12977,4326,38,5
12978,4326,40,5
12979,4327,17,4
12980,4327,2,4
12981,4327,45,1
12982,4328,30,1
12983,4328,28,5
12984,4328,4,1
12985,4329,17,5
12986,4329,29,1
12987,4329,6,1
12988,4330,49,2
12989,4330,34,3
12990,4330,46,4
12991,4331,7,3
12992,4331,26,4
12993,4331,23,4
12994,4332,28,3
12995,4332,1,3
12996,4332,5,5
12997,4333,47,5
12998,4333,28,1
12999,4333,44,1
13000,4334,25,4
13001,4334,43,3
13002,4334,17,5
13003,4335,47,2
13004,4335,14,3
13005,4335,45,2
13006,4336,24,5
13007,4336,41,4
13008,4336,37,5
13009,4337,21,1
13010,4337,18,3
13011,4337,49,1
13012,4338,42,3
13013,4338,27,4
13014,4338,46,5
13015,4339,15,4
13016,4339,22,3
13017,4339,3,2
13018,4340,46,3
13019,4340,12,5
13020,4340,28,1
13021,4341,31,5
13022,4341,38,2
13023,4341,22,4
13024,4342,8,3
13025,4342,3,2
13026,4342,22,1
13027,4343,44,2
13028,4343,35,3
13029,4343,46,4
13030,4344,28,2
13031,4344,49,4
13032,4344,20,5
13033,4345,5,4
13034,4345,49,2
13035,4345,34,3
13036,4346,37,2
13037,4346,49,4
13038,4346,36,1
13039,4347,43,4
13040,4347,13,3
13041,4347,33,3
13042,4348,15,1
13043,4348,47,1
13044,4348,2,1
13045,4349,49,2
13046,4349,29,5
13047,4349,37,4
13048,4350,39,3
13049,4350,6,5
13050,4350,42,2
13051,4351,1,3
13052,4351,42,5
13053,4351,24,2
13054,4352,46,4
13055,4352,30,3
13056,4352,34,4
13057,4353,49,4
13058,4353,4,2
13059,4353,25,3
13060,4354,27,2
13061,4354,4,2
13062,4354,48,4
13063,4355,14,3
13064,4355,20,3
13065,4355,14,5
13066,4356,17,4
13067,4356,33,5
13068,4356,25,2
13069,4357,15,1
13070,4357,35,1
13071,4357,44,2
13072,4358,13,2
13073,4358,24,4
13074,4358,44,4
13075,4359,6,4
13076,4359,46,1
13077,4359,29,2
13078,4360,8,4
13079,4360,20,3
13080,4360,23,4
13081,4361,30,4
13082,4361,12,4
13083,4361,9,4
13084,4362,16,4
13085,4362,29,5
13086,4362,21,1
13087,4363,33,5
13088,4363,36,5
13089,4363,32,4
13090,4364,17,4
13091,4364,50,3
13092,4364,40,3
13093,4365,44,3
13094,4365,42,2
13095,4365,19,5
13096,4366,46,3
13097,4366,9,5
13098,4366,23,2
13099,4367,29,4
13100,4367,17,1
13101,4367,49,2
13102,4368,31,4
13103,4368,30,4
13104,4368,36,4
13105,4369,19,1
13106,4369,17,2
13107,4369,2,4
13108,4370,27,4
13109,4370,23,1
13110,4370,20,5
13111,4371,29,3
13112,4371,13,3
13113,4371,6,1
13114,4372,21,4
13115,4372,50,2
13116,4372,42,2
13117,4373,4,5
13118,4373,38,1
13119,4373,3,1
13120,4374,37,3
13121,4374,48,1
13122,4374,27,3
13123,4375,26,3
13124,4375,47,5
13125,4375,10,2
13126,4376,48,3
13127,4376,47,3
13128,4376,22,2
13129,4377,34,3
13130,4377,42,4
13131,4377,24,2
13132,4378,22,2
13133,4378,13,2
13134,4378,27,4
13135,4379,3,1
13136,4379,3,3
13137,4379,30,1
13138,4380,37,1
13139,4380,5,1
13140,4380,48,2
13141,4381,20,5
13142,4381,49,3
13143,4381,27,1
13144,4382,6,5
13145,4382,45,5
13146,4382,33,5
13147,4383,38,4
13148,4383,21,1
13149,4383,6,5
13150,4384,7,3
13151,4384,33,2
13152,4384,48,4
13153,4385,18,4
13154,4385,28,1
13155,4385,20,3
13156,4386,31,4
13157,4386,28,1
13158,4386,33,4
13159,4387,33,4
13160,4387,43,1
13161,4387,18,4
13162,4388,47,5
13163,4388,27,4
13164,4388,43,4
13165,4389,36,2
13166,4389,46,5
13167,4389,2,3
13168,4390,46,2
13169,4390,24,4
13170,4390,22,5
13171,4391,38,3
13172,4391,2,5
13173,4391,42,5
13174,4392,5,3
13175,4392,46,2
13176,4392,45,2
13177,4393,45,2
13178,4393,1,2
13179,4393,37,2
13180,4394,32,4
13181,4394,19,1
13182,4394,21,3
13183,4395,31,2
13184,4395,40,5
13185,4395,28,2
13186,4396,10,1
13187,4396,17,1
13188,4396,23,1
13189,4397,14,1
13190,4397,35,4
13191,4397,25,1
13192,4398,20,4
13193,4398,20,4
13194,4398,16,2
13195,4399,36,5
13196,4399,6,3
13197,4399,30,5
13198,4400,22,2
13199,4400,17,4
13200,4400,20,3
13201,4401,9,1
13202,4401,13,3
13203,4401,39,3
13204,4402,19,1
13205,4402,2,2
13206,4402,47,2
13207,4403,33,4
13208,4403,42,2
13209,4403,23,1
13210,4404,35,4
13211,4404,27,3
13212,4404,32,4
13213,4405,20,1
13214,4405,14,1
13215,4405,14,3
13216,4406,5,5
13217,4406,44,2
13218,4406,1,2
13219,4407,23,5
13220,4407,24,2
13221,4407,18,4
13222,4408,50,3
13223,4408,35,1
13224,4408,23,2
13225,4409,40,5
13226,4409,50,5
13227,4409,24,2
13228,4410,45,1
13229,4410,32,5
13230,4410,39,3
13231,4411,22,5
13232,4411,40,1
13233,4411,37,5
13234,4412,20,1
13235,4412,11,5
13236,4412,25,3
13237,4413,24,5
13238,4413,8,4
13239,4413,30,3
13240,4414,49,5
13241,4414,12,2
13242,4414,35,2
13243,4415,7,5
13244,4415,15,3
13245,4415,35,5
13246,4416,6,5
13247,4416,46,1
13248,4416,47,1
13249,4417,13,5
13250,4417,5,3
13251,4417,25,2
13252,4418,17,2
13253,4418,46,5
13254,4418,12,3
13255,4419,11,1
13256,4419,45,5
13257,4419,24,5
13258,4420,30,2
13259,4420,49,1
13260,4420,38,1
13261,4421,12,1
13262,4421,33,3
13263,4421,10,4
13264,4422,13,3
13265,4422,6,1
13266,4422,19,4
13267,4423,6,2
13268,4423,16,1
13269,4423,22,3
13270,4424,24,2
13271,4424,4,1
13272,4424,21,2
13273,4425,3,2
13274,4425,4,3
13275,4425,19,1
13276,4426,29,4
13277,4426,35,1
13278,4426,43,1
13279,4427,4,5
13280,4427,48,4
13281,4427,24,5
13282,4428,36,3
13283,4428,43,3
13284,4428,21,4
13285,4429,27,4
13286,4429,16,3
13287,4429,21,3
13288,4430,8,5
13289,4430,48,2
13290,4430,39,5
13291,4431,7,2
13292,4431,27,5
13293,4431,39,3
13294,4432,22,2
13295,4432,4,4
13296,4432,20,1
13297,4433,40,1
13298,4433,2,4
13299,4433,7,4
13300,4434,42,4
13301,4434,45,5
13302,4434,6,1
13303,4435,4,5
13304,4435,41,2
13305,4435,11,3
13306,4436,9,1
13307,4436,26,5
13308,4436,10,4
13309,4437,33,2
13310,4437,10,1
13311,4437,41,4
13312,4438,23,4
13313,4438,11,4
13314,4438,40,5
13315,4439,50,4
13316,4439,10,1
13317,4439,34,2
13318,4440,41,3
13319,4440,32,5
13320,4440,46,1
13321,4441,48,1
13322,4441,1,3
13323,4441,37,2
13324,4442,9,3
13325,4442,32,2
13326,4442,49,2
13327,4443,36,4
13328,4443,4,2
13329,4443,11,2
13330,4444,2,1
13331,4444,42,4
13332,4444,18,5
13333,4445,22,5
13334,4445,32,2
13335,4445,17,2
13336,4446,36,4
13337,4446,8,2
13338,4446,40,3
13339,4447,6,3
13340,4447,22,2
13341,4447,46,1
13342,4448,22,5
13343,4448,42,1
13344,4448,46,2
13345,4449,41,5
13346,4449,26,1
13347,4449,25,1
13348,4450,19,5
13349,4450,2,2
13350,4450,12,3
13351,4451,1,4
13352,4451,23,3
13353,4451,31,3
13354,4452,29,4
13355,4452,45,5
13356,4452,22,1
13357,4453,46,5
13358,4453,2,3
13359,4453,6,5
13360,4454,47,5
13361,4454,33,3
13362,4454,28,4
13363,4455,45,3
13364,4455,14,1
13365,4455,7,4
13366,4456,22,3
13367,4456,28,2
13368,4456,15,5
13369,4457,36,4
13370,4457,34,5
13371,4457,33,4
13372,4458,47,4
13373,4458,23,4
13374,4458,45,5
13375,4459,40,2
13376,4459,5,2
13377,4459,25,1
13378,4460,27,2
13379,4460,9,5
13380,4460,2,1
13381,4461,7,2
13382,4461,36,4
13383,4461,1,3
13384,4462,31,5
13385,4462,18,4
13386,4462,6,5
13387,4463,40,1
13388,4463,14,5
13389,4463,2,2
13390,4464,22,1
13391,4464,49,3
13392,4464,34,5
13393,4465,49,3
13394,4465,47,2
13395,4465,36,2
13396,4466,46,5
13397,4466,19,3
13398,4466,5,5
13399,4467,46,1
13400,4467,17,4
13401,4467,37,1
13402,4468,24,2
13403,4468,20,4
13404,4468,9,5
13405,4469,16,5
13406,4469,23,1
13407,4469,48,4
13408,4470,31,2
13409,4470,41,1
13410,4470,37,3
13411,4471,47,2
13412,4471,9,4
13413,4471,32,1
13414,4472,36,3
13415,4472,33,5
13416,4472,26,5
13417,4473,48,4
13418,4473,22,4
13419,4473,45,2
13420,4474,38,2
13421,4474,24,5
13422,4474,43,2
13423,4475,11,5
13424,4475,11,5
13425,4475,1,1
13426,4476,34,2
13427,4476,10,2
13428,4476,24,2
13429,4477,3,4
13430,4477,33,5
13431,4477,22,4
13432,4478,35,3
13433,4478,44,4
13434,4478,32,4
13435,4479,41,4
13436,4479,33,1
13437,4479,40,4
13438,4480,18,3
13439,4480,36,2
13440,4480,31,3
13441,4481,47,3
13442,4481,37,3
13443,4481,37,4
13444,4482,22,2
13445,4482,6,2
13446,4482,23,2
13447,4483,6,4
13448,4483,21,3
13449,4483,44,3
13450,4484,39,2
13451,4484,33,5
13452,4484,32,3
13453,4485,35,4
13454,4485,18,1
13455,4485,44,1
13456,4486,46,3
13457,4486,34,4
13458,4486,44,2
13459,4487,28,4
13460,4487,21,1
13461,4487,48,1
13462,4488,40,5
13463,4488,32,4
13464,4488,17,3
13465,4489,15,3
13466,4489,40,4
13467,4489,23,3
13468,4490,5,3
13469,4490,50,4
13470,4490,20,1
13471,4491,40,4
13472,4491,29,5
13473,4491,39,4
13474,4492,16,1
13475,4492,4,5
13476,4492,14,3
13477,4493,48,5
13478,4493,12,1
13479,4493,8,4
13480,4494,13,1
13481,4494,6,3
13482,4494,37,4
13483,4495,42,2
13484,4495,12,3
13485,4495,10,2
13486,4496,34,3
13487,4496,49,5
13488,4496,48,2
13489,4497,20,5
13490,4497,11,4
13491,4497,25,4
13492,4498,36,1
13493,4498,37,5
13494,4498,50,3
13495,4499,28,1
13496,4499,6,5
13497,4499,3,3
13498,4500,1,2
13499,4500,13,3
13500,4500,36,1
13501,4501,5,3
13502,4501,15,4
13503,4501,48,2
13504,4502,24,5
13505,4502,26,4
13506,4502,48,4
13507,4503,7,3
13508,4503,21,3
13509,4503,18,4
13510,4504,2,3
13511,4504,16,5
13512,4504,10,4
13513,4505,3,5
13514,4505,28,4
13515,4505,18,4
13516,4506,41,2
13517,4506,32,2
13518,4506,4,3
13519,4507,48,2
13520,4507,26,3
13521,4507,40,5
13522,4508,5,1
13523,4508,39,2
13524,4508,46,5
13525,4509,23,4
13526,4509,29,2
13527,4509,33,3
13528,4510,48,1
13529,4510,11,1
13530,4510,23,3
13531,4511,47,2
13532,4511,36,2
13533,4511,2,4
13534,4512,30,3
13535,4512,21,5
13536,4512,9,1
13537,4513,11,4
13538,4513,12,4
13539,4513,17,2
13540,4514,39,3
13541,4514,26,4
13542,4514,42,5
13543,4515,18,3
13544,4515,48,4
13545,4515,1,4
13546,4516,36,5
13547,4516,50,1
13548,4516,31,3
13549,4517,6,5
13550,4517,45,5
13551,4517,7,5
13552,4518,33,1
13553,4518,30,4
13554,4518,24,3
13555,4519,5,2
13556,4519,37,3
13557,4519,20,1
13558,4520,20,5
13559,4520,50,2
13560,4520,22,2
13561,4521,44,1
13562,4521,28,3
13563,4521,40,5
13564,4522,12,5
13565,4522,49,2
13566,4522,34,3
13567,4523,43,5
13568,4523,31,3
13569,4523,29,4
13570,4524,28,3
13571,4524,25,3
13572,4524,38,1
13573,4525,31,1
13574,4525,24,3
13575,4525,20,5
13576,4526,17,2
13577,4526,41,3
13578,4526,15,4
13579,4527,35,4
13580,4527,43,4
13581,4527,7,3
13582,4528,27,5
13583,4528,12,2
13584,4528,47,1
13585,4529,38,3
13586,4529,50,5
13587,4529,4,4
13588,4530,26,2
13589,4530,20,1
13590,4530,23,2
13591,4531,24,5
13592,4531,30,4
13593,4531,8,1
13594,4532,43,1
13595,4532,8,1
13596,4532,22,3
13597,4533,30,4
13598,4533,15,3
13599,4533,40,3
13600,4534,16,1
13601,4534,43,3
13602,4534,45,5
13603,4535,31,2
13604,4535,12,3
13605,4535,24,4
13606,4536,33,3
13607,4536,26,3
13608,4536,7,2
13609,4537,22,3
13610,4537,42,4
13611,4537,20,1
13612,4538,26,5
13613,4538,22,3
13614,4538,30,2
13615,4539,40,3
13616,4539,10,2
13617,4539,10,5
13618,4540,24,3
13619,4540,23,5
13620,4540,2,5
13621,4541,23,4
13622,4541,48,5
13623,4541,20,4
13624,4542,24,5
13625,4542,7,4
13626,4542,26,1
13627,4543,10,5
13628,4543,50,3
13629,4543,41,1
13630,4544,50,2
13631,4544,27,2
13632,4544,16,2
13633,4545,48,3
13634,4545,29,1
13635,4545,20,1
13636,4546,30,1
13637,4546,17,4
13638,4546,38,4
13639,4547,41,1
13640,4547,17,4
13641,4547,43,5
13642,4548,32,2
13643,4548,19,1
13644,4548,36,3
13645,4549,46,3
13646,4549,37,3
13647,4549,3,5
13648,4550,46,2
13649,4550,32,3
13650,4550,24,4
13651,4551,3,1
13652,4551,30,1
13653,4551,13,5
13654,4552,25,1
13655,4552,2,1
13656,4552,30,3
13657,4553,40,1
13658,4553,43,1
13659,4553,49,1
13660,4554,29,1
13661,4554,25,4
13662,4554,37,3
13663,4555,37,1
13664,4555,32,5
13665,4555,28,5
13666,4556,12,5
13667,4556,21,3
13668,4556,44,1
13669,4557,26,2
13670,4557,8,3
13671,4557,38,2
13672,4558,43,5
13673,4558,50,5
13674,4558,28,4
13675,4559,26,2
13676,4559,23,2
13677,4559,28,4
13678,4560,16,3
13679,4560,44,3
13680,4560,46,5
13681,4561,39,4
13682,4561,3,4
13683,4561,4,4
13684,4562,9,2
13685,4562,35,5
13686,4562,14,3
13687,4563,50,1
13688,4563,14,2
13689,4563,23,1
13690,4564,49,2
13691,4564,40,1
13692,4564,5,3
13693,4565,13,1
13694,4565,39,4
13695,4565,20,2
13696,4566,32,3
13697,4566,40,2
13698,4566,28,4
13699,4567,44,2
13700,4567,21,4
13701,4567,46,5
13702,4568,27,4
13703,4568,50,1
13704,4568,45,3
13705,4569,34,1
13706,4569,13,1
13707,4569,43,1
13708,4570,30,2
13709,4570,24,4
13710,4570,24,5
13711,4571,10,4
13712,4571,2,5
13713,4571,12,3
13714,4572,12,4
13715,4572,16,4
13716,4572,38,3
13717,4573,46,1
13718,4573,10,5
13719,4573,49,5
13720,4574,25,4
13721,4574,38,1
13722,4574,6,2
13723,4575,44,2
13724,4575,13,2
13725,4575,5,3
13726,4576,41,2
13727,4576,21,2
13728,4576,25,1
13729,4577,7,5
13730,4577,32,5
13731,4577,37,2
13732,4578,22,5
13733,4578,20,4
13734,4578,49,3
13735,4579,29,3
13736,4579,41,3
13737,4579,25,3
13738,4580,45,2
13739,4580,12,3
13740,4580,44,3
13741,4581,18,3
13742,4581,5,1
13743,4581,34,1
13744,4582,50,5
13745,4582,43,3
13746,4582,6,2
13747,4583,25,4
13748,4583,13,5
13749,4583,2,3
13750,4584,10,1
13751,4584,14,5
13752,4584,42,5
13753,4585,7,5
13754,4585,14,4
13755,4585,47,4
13756,4586,33,3
13757,4586,50,1
13758,4586,35,3
13759,4587,32,1
13760,4587,17,4
13761,4587,43,2
13762,4588,11,1
13763,4588,5,3
13764,4588,43,5
13765,4589,16,2
13766,4589,16,3
13767,4589,18,1
13768,4590,7,1
13769,4590,12,4
13770,4590,11,5
13771,4591,14,4
13772,4591,1,2
13773,4591,1,5
13774,4592,31,4
13775,4592,19,4
13776,4592,31,1
13777,4593,47,5
13778,4593,1,4
13779,4593,43,4
13780,4594,28,1
13781,4594,35,2
13782,4594,50,4
13783,4595,25,2
13784,4595,48,5
13785,4595,24,1
13786,4596,31,4
13787,4596,42,4
13788,4596,45,1
13789,4597,41,4
13790,4597,12,1
13791,4597,32,2
13792,4598,3,3
13793,4598,35,5
13794,4598,34,4
13795,4599,36,1
13796,4599,43,3
13797,4599,7,5
13798,4600,25,5
13799,4600,15,1
13800,4600,15,2
13801,4601,25,3
13802,4601,42,3
13803,4601,26,3
13804,4602,40,4
13805,4602,30,3
13806,4602,7,5
13807,4603,40,1
13808,4603,26,1
13809,4603,21,2
13810,4604,39,1
13811,4604,25,3
13812,4604,37,1
13813,4605,37,4
13814,4605,42,1
13815,4605,15,3
13816,4606,9,3
13817,4606,43,1
13818,4606,46,5
13819,4607,29,1
13820,4607,8,5
13821,4607,5,3
13822,4608,36,5
13823,4608,7,2
13824,4608,26,5
13825,4609,10,5
13826,4609,26,4
13827,4609,1,4
13828,4610,18,2
13829,4610,8,3
13830,4610,16,1
13831,4611,39,2
13832,4611,41,4
13833,4611,47,2
13834,4612,50,3
13835,4612,11,4
13836,4612,1,2
13837,4613,12,1
13838,4613,28,5
13839,4613,48,1
13840,4614,36,5
13841,4614,30,3
13842,4614,18,5
13843,4615,1,2
13844,4615,39,2
13845,4615,13,3
13846,4616,35,2
13847,4616,49,5
13848,4616,20,2
13849,4617,44,5
13850,4617,41,1
13851,4617,1,4
13852,4618,24,4
13853,4618,16,3
13854,4618,6,4
13855,4619,20,3
13856,4619,17,4
13857,4619,37,2
13858,4620,50,3
13859,4620,8,1
13860,4620,11,1
13861,4621,20,1
13862,4621,49,1
13863,4621,10,5
13864,4622,16,2
13865,4622,6,5
13866,4622,22,3
13867,4623,33,5
13868,4623,46,4
13869,4623,37,5
13870,4624,1,2
13871,4624,22,5
13872,4624,30,1
13873,4625,32,4
13874,4625,6,4
13875,4625,45,1
13876,4626,13,1
13877,4626,23,4
13878,4626,33,4
13879,4627,4,5
13880,4627,20,1
13881,4627,9,3
13882,4628,45,4
13883,4628,1,3
13884,4628,6,4
13885,4629,17,5
13886,4629,15,5
13887,4629,38,3
13888,4630,14,2
13889,4630,29,4
13890,4630,36,3
13891,4631,8,5
13892,4631,30,4
13893,4631,30,4
13894,4632,43,4
13895,4632,4,1
13896,4632,25,3
13897,4633,15,3
13898,4633,21,5
13899,4633,46,4
13900,4634,44,2
13901,4634,6,4
13902,4634,49,2
13903,4635,3,2
13904,4635,15,2
13905,4635,17,5
13906,4636,27,4
13907,4636,22,4
13908,4636,17,3
13909,4637,8,1
13910,4637,20,5
13911,4637,18,5
13912,4638,3,5
13913,4638,20,4
13914,4638,47,2
13915,4639,8,5
13916,4639,6,3
13917,4639,25,1
13918,4640,22,3
13919,4640,11,4
13920,4640,4,4
13921,4641,39,5
13922,4641,24,5
13923,4641,46,3
13924,4642,31,4
13925,4642,8,1
13926,4642,7,1
13927,4643,31,5
13928,4643,31,4
13929,4643,20,4
13930,4644,24,3
13931,4644,44,3
13932,4644,27,3
13933,4645,30,2
13934,4645,33,5
13935,4645,30,2
13936,4646,11,4
13937,4646,44,5
13938,4646,14,3
13939,4647,33,3
13940,4647,18,1
13941,4647,49,2
13942,4648,38,1
13943,4648,39,5
13944,4648,17,4
13945,4649,34,3
13946,4649,48,4
13947,4649,1,4
13948,4650,25,5
13949,4650,47,5
13950,4650,12,4
13951,4651,5,2
13952,4651,34,2
13953,4651,27,5
13954,4652,31,1
13955,4652,40,4
13956,4652,29,4
13957,4653,29,5
13958,4653,24,4
13959,4653,3,2
13960,4654,37,5
13961,4654,27,2
13962,4654,25,2
13963,4655,32,4
13964,4655,38,2
13965,4655,48,4
13966,4656,5,1
13967,4656,4,4
13968,4656,49,2
13969,4657,23,1
13970,4657,9,5
13971,4657,39,4
13972,4658,12,2
13973,4658,43,1
13974,4658,27,5
13975,4659,42,2
13976,4659,19,2
13977,4659,11,2
13978,4660,13,2
13979,4660,4,2
13980,4660,14,5
13981,4661,38,2
13982,4661,17,3
13983,4661,25,1
13984,4662,26,1
13985,4662,25,5
13986,4662,17,2
13987,4663,44,1
13988,4663,26,5
13989,4663,23,2
13990,4664,13,3
13991,4664,29,5
13992,4664,26,3
13993,4665,50,2
13994,4665,39,3
13995,4665,6,2
13996,4666,33,3
13997,4666,16,4
13998,4666,46,1
13999,4667,3,4
14000,4667,17,3
14001,4667,34,5
14002,4668,22,3
14003,4668,35,4
14004,4668,50,3
14005,4669,16,1
14006,4669,8,5
14007,4669,41,5
14008,4670,1,3
14009,4670,11,3
14010,4670,23,3
14011,4671,10,5
14012,4671,1,3
14013,4671,16,4
14014,4672,27,3
14015,4672,9,3
14016,4672,22,1
14017,4673,31,5
14018,4673,28,5
14019,4673,34,4
14020,4674,35,4
14021,4674,2,2
14022,4674,3,2
14023,4675,47,5
14024,4675,9,2
14025,4675,8,2
14026,4676,5,4
14027,4676,3,1
14028,4676,40,3
14029,4677,36,4
14030,4677,27,2
14031,4677,38,5
14032,4678,43,2
14033,4678,35,4
14034,4678,37,5
14035,4679,50,4
14036,4679,11,5
14037,4679,32,2
14038,4680,45,1
14039,4680,17,2
14040,4680,20,5
14041,4681,24,4
14042,4681,12,5
14043,4681,8,4
14044,4682,43,5
14045,4682,26,3
14046,4682,20,1
14047,4683,28,1
14048,4683,16,2
14049,4683,49,2
14050,4684,35,5
14051,4684,33,1
14052,4684,31,1
14053,4685,2,3
14054,4685,6,1
14055,4685,12,5
14056,4686,32,3
14057,4686,22,1
14058,4686,10,1
14059,4687,10,2
14060,4687,47,1
14061,4687,6,4
14062,4688,24,3
14063,4688,24,3
14064,4688,5,4
14065,4689,18,5
14066,4689,32,5
14067,4689,9,1
14068,4690,4,3
14069,4690,26,4
14070,4690,9,4
14071,4691,21,1
14072,4691,50,1
14073,4691,23,2
14074,4692,26,5
14075,4692,29,3
14076,4692,18,2
14077,4693,4,2
14078,4693,47,4
14079,4693,4,4
14080,4694,35,3
14081,4694,19,5
14082,4694,13,2
14083,4695,1,5
14084,4695,24,5
14085,4695,32,2
14086,4696,16,5
14087,4696,14,4
14088,4696,35,1
14089,4697,28,1
14090,4697,6,3
14091,4697,22,4
14092,4698,39,2
14093,4698,15,2
14094,4698,26,4
14095,4699,5,3
14096,4699,48,5
14097,4699,22,5
14098,4700,46,1
14099,4700,40,4
14100,4700,1,1
14101,4701,24,1
14102,4701,47,1
14103,4701,37,4
14104,4702,32,5
14105,4702,31,2
14106,4702,2,5
14107,4703,9,3
14108,4703,5,5
14109,4703,9,1
14110,4704,8,5
14111,4704,10,5
14112,4704,47,3
14113,4705,9,2
14114,4705,15,2
14115,4705,37,4
14116,4706,1,3
14117,4706,37,2
14118,4706,49,4
14119,4707,38,3
14120,4707,33,2
14121,4707,38,1
14122,4708,22,5
14123,4708,41,3
14124,4708,21,1
14125,4709,5,4
14126,4709,14,5
14127,4709,42,4
14128,4710,6,3
14129,4710,39,2
14130,4710,2,4
14131,4711,22,4
14132,4711,20,1
14133,4711,20,2
14134,4712,20,5
14135,4712,30,2
14136,4712,38,4
14137,4713,11,4
14138,4713,9,3
14139,4713,39,1
14140,4714,34,5
14141,4714,16,1
14142,4714,12,3
14143,4715,42,5
14144,4715,31,4
14145,4715,16,4
14146,4716,46,4
14147,4716,31,2
14148,4716,49,3
14149,4717,20,2
14150,4717,41,3
14151,4717,13,3
14152,4718,20,5
14153,4718,30,5
14154,4718,32,2
14155,4719,39,4
14156,4719,24,4
14157,4719,8,3
14158,4720,26,3
14159,4720,15,5
14160,4720,44,1
14161,4721,11,5
14162,4721,37,1
14163,4721,49,2
14164,4722,18,5
14165,4722,42,1
14166,4722,42,3
14167,4723,9,3
14168,4723,31,5
14169,4723,27,1
14170,4724,41,1
14171,4724,47,1
14172,4724,37,3
14173,4725,1,5
14174,4725,5,4
14175,4725,45,3
14176,4726,31,2
14177,4726,31,4
14178,4726,9,3
14179,4727,11,4
14180,4727,25,2
14181,4727,9,3
14182,4728,17,5
14183,4728,10,1
14184,4728,15,4
14185,4729,39,2
14186,4729,4,5
14187,4729,49,1
14188,4730,46,3
14189,4730,41,1
14190,4730,7,3
14191,4731,10,4
14192,4731,16,1
14193,4731,46,1
14194,4732,49,4
14195,4732,12,2
14196,4732,26,3
14197,4733,5,3
14198,4733,32,3
14199,4733,27,5
14200,4734,1,1
14201,4734,41,1
14202,4734,34,3
14203,4735,9,5
14204,4735,15,2
14205,4735,22,5
14206,4736,34,3
14207,4736,29,3
14208,4736,11,2
14209,4737,37,5
14210,4737,41,2
14211,4737,49,3
14212,4738,40,4
14213,4738,44,4
14214,4738,45,4
14215,4739,31,1
14216,4739,23,2
14217,4739,39,1
14218,4740,11,2
14219,4740,28,2
14220,4740,48,3
14221,4741,30,2
14222,4741,26,3
14223,4741,1,1
14224,4742,47,2
14225,4742,10,5
14226,4742,37,1
14227,4743,37,1
14228,4743,46,1
14229,4743,28,3
14230,4744,30,4
14231,4744,5,3
14232,4744,20,2
14233,4745,29,5
14234,4745,32,2
14235,4745,48,3
14236,4746,21,3
14237,4746,43,1
14238,4746,46,3
14239,4747,12,2
14240,4747,8,4
14241,4747,40,4
14242,4748,39,2
14243,4748,47,1
14244,4748,48,4
14245,4749,29,3
14246,4749,18,5
14247,4749,15,5
14248,4750,13,3
14249,4750,15,5
14250,4750,26,5
14251,4751,2,3
14252,4751,21,2
14253,4751,48,5
14254,4752,12,3
14255,4752,12,5
14256,4752,31,5
14257,4753,45,2
14258,4753,22,4
14259,4753,13,2
14260,4754,33,1
14261,4754,15,2
14262,4754,2,4
14263,4755,15,3
14264,4755,22,2
14265,4755,41,2
14266,4756,4,2
14267,4756,15,4
14268,4756,20,1
14269,4757,12,2
14270,4757,19,4
14271,4757,17,1
14272,4758,41,5
14273,4758,35,3
14274,4758,13,4
14275,4759,11,1
14276,4759,16,2
14277,4759,23,1
14278,4760,21,1
14279,4760,26,1
14280,4760,9,2
14281,4761,9,3
14282,4761,7,1
14283,4761,32,1
14284,4762,24,3
14285,4762,21,5
14286,4762,32,1
14287,4763,38,3
14288,4763,41,1
14289,4763,18,2
14290,4764,10,3
14291,4764,22,4
14292,4764,20,1
14293,4765,6,5
14294,4765,40,2
14295,4765,24,3
14296,4766,6,2
14297,4766,21,2
14298,4766,33,1
14299,4767,32,5
14300,4767,5,5
14301,4767,6,2
14302,4768,47,3
14303,4768,2,3
14304,4768,46,2
14305,4769,47,3
14306,4769,40,3
14307,4769,49,1
14308,4770,40,4
14309,4770,8,3
14310,4770,45,4
14311,4771,49,3
14312,4771,23,4
14313,4771,8,4
14314,4772,28,2
14315,4772,12,5
14316,4772,41,2
14317,4773,18,4
14318,4773,16,1
14319,4773,28,1
14320,4774,48,4
14321,4774,9,1
14322,4774,43,5
14323,4775,43,3
14324,4775,46,4
14325,4775,16,3
14326,4776,9,1
14327,4776,50,1
14328,4776,30,4
14329,4777,5,3
14330,4777,3,3
14331,4777,10,1
14332,4778,21,5
14333,4778,36,4
14334,4778,33,3
14335,4779,43,4
14336,4779,39,4
14337,4779,30,1
14338,4780,20,2
14339,4780,44,2
14340,4780,45,4
14341,4781,2,5
14342,4781,3,5
14343,4781,3,1
14344,4782,3,1
14345,4782,19,4
14346,4782,47,1
14347,4783,4,2
14348,4783,39,2
14349,4783,32,5
14350,4784,34,5
14351,4784,36,1
14352,4784,35,5
14353,4785,14,1
14354,4785,18,4
14355,4785,43,1
14356,4786,25,2
14357,4786,36,5
14358,4786,8,4
14359,4787,33,4
14360,4787,46,5
14361,4787,47,3
14362,4788,6,5
14363,4788,44,3
14364,4788,27,5
14365,4789,3,3
14366,4789,41,1
14367,4789,43,5
14368,4790,25,3
14369,4790,26,5
14370,4790,35,2
14371,4791,25,4
14372,4791,12,5
14373,4791,3,1
14374,4792,31,2
14375,4792,46,4
14376,4792,11,1
14377,4793,47,5
14378,4793,8,3
14379,4793,29,2
14380,4794,41,2
14381,4794,30,2
14382,4794,23,4
14383,4795,19,1
14384,4795,30,5
14385,4795,15,1
14386,4796,35,2
14387,4796,4,4
14388,4796,39,4
14389,4797,34,5
14390,4797,38,5
14391,4797,24,1
14392,4798,42,3
14393,4798,23,3
14394,4798,39,5
14395,4799,14,4
14396,4799,30,1
14397,4799,17,4
14398,4800,31,3
14399,4800,37,1
14400,4800,28,4
14401,4801,34,5
14402,4801,47,4
14403,4801,29,3
14404,4802,5,5
14405,4802,22,4
14406,4802,7,1
14407,4803,28,3
14408,4803,23,4
14409,4803,3,3
14410,4804,43,5
14411,4804,24,4
14412,4804,14,3
14413,4805,16,1
14414,4805,33,1
14415,4805,41,4
14416,4806,14,5
14417,4806,10,1
14418,4806,47,1
14419,4807,9,3
14420,4807,34,3
14421,4807,28,3
14422,4808,49,2
14423,4808,16,4
14424,4808,46,4
14425,4809,31,2
14426,4809,2,2
14427,4809,7,4
14428,4810,32,5
14429,4810,31,1
14430,4810,38,2
14431,4811,27,1
14432,4811,24,3
14433,4811,36,4
14434,4812,44,2
14435,4812,1,1
14436,4812,10,3
14437,4813,43,1
14438,4813,9,3
14439,4813,19,3
14440,4814,21,1
14441,4814,43,1
14442,4814,22,3
14443,4815,38,1
14444,4815,33,1
14445,4815,43,5
14446,4816,38,5
14447,4816,14,5
14448,4816,32,4
14449,4817,41,4
14450,4817,16,5
14451,4817,33,4
14452,4818,9,3
14453,4818,25,1
14454,4818,26,2
14455,4819,1,2
14456,4819,50,3
14457,4819,16,5
14458,4820,15,1
14459,4820,2,1
14460,4820,38,1
14461,4821,19,2
14462,4821,21,2
14463,4821,40,3
14464,4822,40,2
14465,4822,2,4
14466,4822,45,3
14467,4823,7,4
14468,4823,37,5
14469,4823,42,4
14470,4824,21,3
14471,4824,27,4
14472,4824,10,5
14473,4825,40,4
14474,4825,45,2
14475,4825,23,1
14476,4826,34,5
14477,4826,25,2
14478,4826,10,3
14479,4827,10,4
14480,4827,50,3
14481,4827,41,4
14482,4828,4,1
14483,4828,11,2
14484,4828,16,1
14485,4829,9,2
14486,4829,19,1
14487,4829,24,4
14488,4830,48,4
14489,4830,29,1
14490,4830,12,3
14491,4831,6,3
14492,4831,34,5
14493,4831,48,1
14494,4832,17,1
14495,4832,34,2
14496,4832,50,5
14497,4833,1,3
14498,4833,5,4
14499,4833,26,4
14500,4834,3,5
14501,4834,8,2
14502,4834,14,5
14503,4835,9,4
14504,4835,34,5
14505,4835,19,3
14506,4836,32,5
14507,4836,3,5
14508,4836,36,4
14509,4837,13,4
14510,4837,6,3
14511,4837,9,4
14512,4838,26,5
14513,4838,21,5
14514,4838,19,3
14515,4839,20,2
14516,4839,1,2
14517,4839,11,3
14518,4840,45,5
14519,4840,10,3
14520,4840,35,5
14521,4841,26,2
14522,4841,47,1
14523,4841,16,4
14524,4842,16,4
14525,4842,5,3
14526,4842,24,1
14527,4843,15,1
14528,4843,8,5
14529,4843,3,2
14530,4844,25,4
14531,4844,41,5
14532,4844,8,3
14533,4845,8,5
14534,4845,49,2
14535,4845,43,5
14536,4846,27,1
14537,4846,25,1
14538,4846,2,3
14539,4847,30,1
14540,4847,33,5
14541,4847,48,1
14542,4848,7,5
14543,4848,40,2
14544,4848,47,3
14545,4849,25,5
14546,4849,10,3
14547,4849,47,4
14548,4850,27,5
14549,4850,36,2
14550,4850,19,1
14551,4851,3,2
14552,4851,17,1
14553,4851,18,1
14554,4852,13,1
14555,4852,34,1
14556,4852,8,5
14557,4853,41,1
14558,4853,20,1
14559,4853,22,1
14560,4854,45,2
14561,4854,11,3
14562,4854,41,1
14563,4855,29,5
14564,4855,43,1
14565,4855,20,3
14566,4856,29,1
14567,4856,33,3
14568,4856,27,1
14569,4857,37,3
14570,4857,4,4
14571,4857,30,1
14572,4858,19,5
14573,4858,30,5
14574,4858,14,1
14575,4859,2,2
14576,4859,7,3
14577,4859,23,4
14578,4860,18,3
14579,4860,31,2
14580,4860,49,2
14581,4861,30,3
14582,4861,43,4
14583,4861,39,3
14584,4862,4,4
14585,4862,47,3
14586,4862,2,2
14587,4863,14,4
14588,4863,17,3
14589,4863,40,5
14590,4864,40,5
14591,4864,29,1
14592,4864,39,2
14593,4865,16,5
14594,4865,7,2
14595,4865,26,5
14596,4866,19,1
14597,4866,12,4
14598,4866,20,1
14599,4867,1,4
14600,4867,2,2
14601,4867,11,4
14602,4868,49,4
14603,4868,23,2
14604,4868,5,5
14605,4869,3,3
14606,4869,32,4
14607,4869,16,1
14608,4870,44,1
14609,4870,6,1
14610,4870,35,5
14611,4871,26,3
14612,4871,19,4
14613,4871,7,2
14614,4872,21,2
14615,4872,26,1
14616,4872,25,3
14617,4873,2,1
14618,4873,18,4
14619,4873,19,5
14620,4874,26,4
14621,4874,39,3
14622,4874,36,4
14623,4875,50,5
14624,4875,34,5
14625,4875,18,5
14626,4876,17,5
14627,4876,5,4
14628,4876,1,2
14629,4877,26,1
14630,4877,2,1
14631,4877,30,4
14632,4878,1,1
14633,4878,29,4
14634,4878,49,2
14635,4879,42,4
14636,4879,21,5
14637,4879,20,5
14638,4880,13,2
14639,4880,3,4
14640,4880,34,1
14641,4881,8,1
14642,4881,29,1
14643,4881,37,4
14644,4882,4,1
14645,4882,18,5
14646,4882,2,2
14647,4883,6,3
14648,4883,19,3
14649,4883,6,3
14650,4884,22,5
14651,4884,28,4
14652,4884,18,2
14653,4885,15,2
14654,4885,43,5
14655,4885,20,5
14656,4886,47,4
14657,4886,45,3
14658,4886,24,2
14659,4887,15,5
14660,4887,7,4
14661,4887,50,1
14662,4888,14,2
14663,4888,24,2
14664,4888,1,1
14665,4889,20,5
14666,4889,45,5
14667,4889,38,2
14668,4890,25,4
14669,4890,23,2
14670,4890,47,4
14671,4891,46,1
14672,4891,48,5
14673,4891,31,4
14674,4892,16,1
14675,4892,30,2
14676,4892,37,3
14677,4893,49,4
14678,4893,45,2
14679,4893,18,5
14680,4894,32,2
14681,4894,13,5
14682,4894,23,5
14683,4895,25,3
14684,4895,43,2
14685,4895,40,2
14686,4896,31,4
14687,4896,36,4
14688,4896,43,1
14689,4897,17,1
14690,4897,16,3
14691,4897,37,2
14692,4898,8,4
14693,4898,39,4
14694,4898,29,1
14695,4899,28,1
14696,4899,24,3
14697,4899,36,1
14698,4900,31,2
14699,4900,21,4
14700,4900,39,2
14701,4901,8,1
14702,4901,25,2
14703,4901,22,1
14704,4902,26,5
14705,4902,36,5
14706,4902,13,3
14707,4903,49,3
14708,4903,26,3
14709,4903,26,2
14710,4904,38,5
14711,4904,45,5
14712,4904,29,1
14713,4905,7,3
14714,4905,43,3
14715,4905,24,4
14716,4906,1,2
14717,4906,39,2
14718,4906,17,2
14719,4907,31,1
14720,4907,47,5
14721,4907,26,4
14722,4908,48,5
14723,4908,10,3
14724,4908,21,2
14725,4909,39,1
14726,4909,22,1
14727,4909,40,2
14728,4910,25,1
14729,4910,1,1
14730,4910,43,1
14731,4911,8,1
14732,4911,6,3
14733,4911,28,1
14734,4912,27,1
14735,4912,38,4
14736,4912,13,5
14737,4913,17,3
14738,4913,50,5
14739,4913,41,5
14740,4914,6,2
14741,4914,6,2
14742,4914,1,1
14743,4915,44,5
14744,4915,33,2
14745,4915,42,2
14746,4916,34,3
14747,4916,43,4
14748,4916,37,5
14749,4917,4,5
14750,4917,26,4
14751,4917,9,2
14752,4918,44,2
14753,4918,5,1
14754,4918,17,3
14755,4919,34,1
14756,4919,32,4
14757,4919,41,2
14758,4920,41,4
14759,4920,24,3
14760,4920,47,4
14761,4921,5,5
14762,4921,9,2
14763,4921,5,5
14764,4922,36,2
14765,4922,9,1
14766,4922,27,2
14767,4923,49,1
14768,4923,34,4
14769,4923,19,1
14770,4924,31,4
14771,4924,5,2
14772,4924,2,2
14773,4925,13,4
14774,4925,17,1
14775,4925,45,4
14776,4926,39,2
14777,4926,28,5
14778,4926,13,3
14779,4927,41,5
14780,4927,38,1
14781,4927,27,4
14782,4928,28,3
14783,4928,1,2
14784,4928,10,2
14785,4929,37,1
14786,4929,46,5
14787,4929,47,2
14788,4930,43,2
14789,4930,22,2
14790,4930,35,2
14791,4931,41,4
14792,4931,30,1
14793,4931,12,4
14794,4932,39,2
14795,4932,30,5
14796,4932,17,5
14797,4933,40,5
14798,4933,21,2
14799,4933,12,3
14800,4934,12,5
14801,4934,27,3
14802,4934,17,3
14803,4935,44,5
14804,4935,18,2
14805,4935,48,4
14806,4936,50,5
14807,4936,28,5
14808,4936,8,1
14809,4937,5,3
14810,4937,15,2
14811,4937,3,4
14812,4938,17,1
14813,4938,39,5
14814,4938,2,3
14815,4939,36,4
14816,4939,31,1
14817,4939,22,3
14818,4940,45,3
14819,4940,39,1
14820,4940,50,4
14821,4941,45,2
14822,4941,50,4
14823,4941,34,4
14824,4942,40,1
14825,4942,11,3
14826,4942,37,1
14827,4943,45,2
14828,4943,2,3
14829,4943,25,2
14830,4944,30,2
14831,4944,8,4
14832,4944,12,4
14833,4945,26,1
14834,4945,14,2
14835,4945,13,3
14836,4946,33,3
14837,4946,5,5
14838,4946,1,2
14839,4947,40,3
14840,4947,23,5
14841,4947,38,5
14842,4948,32,4
14843,4948,50,2
14844,4948,47,4
14845,4949,37,2
14846,4949,39,3
14847,4949,32,5
14848,4950,21,3
14849,4950,5,5
14850,4950,42,2
14851,4951,17,4
14852,4951,18,1
14853,4951,5,1
14854,4952,31,2
14855,4952,26,4
14856,4952,1,2
14857,4953,46,5
14858,4953,28,2
14859,4953,23,4
14860,4954,42,4
14861,4954,28,1
14862,4954,7,2
14863,4955,24,5
14864,4955,19,2
14865,4955,14,2
14866,4956,2,1
14867,4956,35,1
14868,4956,24,4
14869,4957,16,1
14870,4957,48,5
14871,4957,45,2
14872,4958,37,2
14873,4958,41,3
14874,4958,41,5
14875,4959,9,5
14876,4959,30,2
14877,4959,11,1
14878,4960,3,4
14879,4960,44,5
14880,4960,34,2
14881,4961,6,2
14882,4961,41,4
14883,4961,15,4
14884,4962,23,3
14885,4962,35,3
14886,4962,10,2
14887,4963,1,4
14888,4963,9,1
14889,4963,5,5
14890,4964,29,1
14891,4964,36,3
14892,4964,9,5
14893,4965,31,3
14894,4965,44,1
14895,4965,28,2
14896,4966,32,5
14897,4966,45,4
14898,4966,49,2
14899,4967,41,4
14900,4967,21,1
14901,4967,11,5
14902,4968,47,3
14903,4968,23,3
14904,4968,6,1
14905,4969,2,3
14906,4969,6,1
14907,4969,33,1
14908,4970,40,3
14909,4970,45,5
14910,4970,50,3
14911,4971,46,2
14912,4971,9,4
14913,4971,12,2
14914,4972,45,1
14915,4972,1,2
14916,4972,27,1
14917,4973,29,2
14918,4973,9,2
14919,4973,21,1
14920,4974,10,5
14921,4974,15,1
14922,4974,46,2
14923,4975,43,3
14924,4975,44,2
14925,4975,41,3
14926,4976,13,4
14927,4976,22,2
14928,4976,37,1
14929,4977,28,5
14930,4977,10,5
14931,4977,2,5
14932,4978,8,4
14933,4978,46,4
14934,4978,15,1
14935,4979,28,4
14936,4979,40,4
14937,4979,36,4
14938,4980,47,3
14939,4980,1,2
14940,4980,14,1
14941,4981,17,3
14942,4981,18,3
14943,4981,5,1
14944,4982,25,1
14945,4982,28,4
14946,4982,17,5
14947,4983,30,1
14948,4983,2,5
14949,4983,19,3
14950,4984,48,3
14951,4984,36,1
14952,4984,7,3
14953,4985,47,1
14954,4985,32,4
14955,4985,20,2
14956,4986,38,4
14957,4986,45,2
14958,4986,34,1
14959,4987,38,2
14960,4987,19,1
14961,4987,8,3
14962,4988,1,3
14963,4988,2,5
14964,4988,27,5
14965,4989,37,4
14966,4989,7,2
14967,4989,8,3
14968,4990,11,3
14969,4990,24,2
14970,4990,45,2
14971,4991,45,2
14972,4991,9,5
14973,4991,4,3
14974,4992,33,5
14975,4992,13,4
14976,4992,42,4
14977,4993,41,3
14978,4993,16,3
14979,4993,18,1
14980,4994,45,3
14981,4994,32,4
14982,4994,12,3
14983,4995,48,2
14984,4995,39,3
14985,4995,3,1
14986,4996,6,1
14987,4996,22,2
14988,4996,21,3
14989,4997,33,4
14990,4997,12,4
14991,4997,29,5
14992,4998,36,5
14993,4998,12,4
14994,4998,3,2
14995,4999,6,4
14996,4999,18,5
14997,4999,38,1
14998,5000,16,1
14999,5000,17,3
15000,5000,35,5
